,0,1,2,3,4,5,6,7,8,9,10,11,12,13,14,15,16
0,27.0,32.0,43.0,32.0,45.0,38.0,36.0,28.0,34.0,29.0,33.0,31.0,42.0,48.0,29.0,37.0,37.0
1,39.0,46.0,43.0,41.0,32.0,43.0,48.0,34.0,46.0,36.0,48.0,30.0,32.0,44.0,42.0,33.0,36.0
2,22.0,24.0,25.0,29.0,29.0,33.0,42.0,34.0,38.0,30.0,29.0,37.0,35.0,40.0,44.0,31.0,33.0
3,29.0,23.0,32.0,37.0,36.0,41.0,27.0,46.0,38.0,45.0,44.0,31.0,29.0,35.0,45.0,39.0,30.0
4,33.0,31.0,36.0,28.0,39.0,37.0,33.0,43.0,37.0,41.0,40.0,34.0,37.0,35.0,39.0,47.0,44.0
5,42.0,31.0,31.0,38.0,39.0,48.0,45.0,44.0,34.0,43.0,43.0,44.0,35.0,45.0,37.0,38.0,41.0
6,37.0,36.0,41.0,42.0,48.0,49.0,42.0,46.0,45.0,46.0,50.0,49.0,30.0,45.0,47.0,44.0,40.0
7,47.0,34.0,45.0,39.0,39.0,47.0,40.0,46.0,44.0,46.0,40.0,49.0,38.0,48.0,39.0,48.0,37.0
8,30.0,28.0,32.0,34.0,30.0,33.0,31.0,31.0,47.0,25.0,42.0,32.0,33.0,38.0,36.0,39.0,49.0
9,22.0,30.0,26.0,30.0,24.0,23.0,34.0,23.0,39.0,32.0,36.0,33.0,27.0,37.0,30.0,34.0,28.0
10,35.0,29.0,25.0,28.0,19.0,29.0,24.0,25.0,24.0,32.0,28.0,33.0,35.0,33.0,25.0,41.0,29.0
11,28.0,20.0,23.0,27.0,27.0,22.0,32.0,30.0,33.0,24.0,28.0,37.0,46.0,40.0,40.0,27.0,37.0
12,22.0,17.0,19.0,25.0,25.0,17.0,21.0,23.0,42.0,31.0,30.0,26.0,22.0,26.0,35.0,31.0,37.0
13,16.0,12.0,18.0,28.0,32.0,39.0,25.0,24.0,27.0,39.0,30.0,19.0,24.0,38.0,30.0,31.0,14.0
14,17.0,20.0,17.0,34.0,20.0,24.0,19.0,28.0,38.0,30.0,29.0,41.0,34.0,27.0,43.0,35.0,26.0
15,21.0,23.0,16.0,14.0,25.0,18.0,24.0,24.0,15.0,25.0,34.0,26.0,27.0,17.0,26.0,20.0,25.0
16,17.0,16.0,18.0,21.0,22.0,28.0,33.0,36.0,27.0,30.0,23.0,22.0,26.0,35.0,19.0,23.0,27.0
17,26.0,23.0,18.0,33.0,29.0,30.0,19.0,23.0,22.0,42.0,36.0,22.0,29.0,24.0,27.0,29.0,33.0
18,31.0,26.0,30.0,21.0,28.0,14.0,24.0,21.0,31.0,42.0,37.0,32.0,32.0,34.0,32.0,29.0,25.0
19,50.0,38.0,46.0,38.0,40.0,41.0,35.0,40.0,50.0,57.0,45.0,31.0,43.0,31.0,38.0,32.0,37.0
20,38.0,37.0,41.0,39.0,56.0,39.0,38.0,40.0,38.0,55.0,34.0,33.0,37.0,33.0,33.0,44.0,22.0
21,45.0,40.0,36.0,36.0,35.0,39.0,45.0,29.0,35.0,51.0,41.0,41.0,36.0,40.0,26.0,37.0,34.0
22,33.0,33.0,31.0,47.0,28.0,40.0,32.0,40.0,41.0,52.0,37.0,36.0,37.0,40.0,41.0,42.0,33.0
23,33.0,31.0,31.0,39.0,41.0,36.0,36.0,38.0,30.0,40.0,37.0,43.0,25.0,36.0,38.0,42.0,38.0
24,47.0,40.0,42.0,37.0,36.0,40.0,39.0,35.0,31.0,51.0,32.0,34.0,41.0,43.0,37.0,40.0,41.0
25,38.0,35.0,40.0,39.0,40.0,37.0,34.0,48.0,44.0,45.0,34.0,23.0,40.0,36.0,38.0,38.0,31.0
26,35.0,34.0,43.0,41.0,41.0,31.0,37.0,30.0,39.0,32.0,46.0,39.0,38.0,31.0,37.0,39.0,35.0
27,28.0,31.0,44.0,33.0,36.0,37.0,35.0,44.0,42.0,48.0,38.0,23.0,38.0,37.0,42.0,35.0,43.0
28,31.0,24.0,35.0,31.0,26.0,27.0,37.0,33.0,29.0,41.0,43.0,46.0,48.0,41.0,39.0,39.0,41.0
29,40.0,29.0,30.0,32.0,40.0,44.0,40.0,41.0,29.0,40.0,36.0,35.0,42.0,38.0,30.0,42.0,37.0
30,35.0,45.0,40.0,34.0,40.0,45.0,36.0,29.0,38.0,27.0,27.0,39.0,40.0,40.0,30.0,36.0,35.0
31,38.0,39.0,45.0,32.0,47.0,38.0,41.0,42.0,35.0,40.0,32.0,36.0,45.0,39.0,38.0,40.0,40.0
32,25.0,22.0,16.0,26.0,24.0,35.0,35.0,42.0,35.0,38.0,35.0,40.0,36.0,40.0,36.0,34.0,29.0
33,35.0,29.0,32.0,40.0,24.0,42.0,28.0,32.0,38.0,41.0,29.0,34.0,45.0,34.0,32.0,39.0,36.0
34,26.0,15.0,20.0,24.0,30.0,26.0,38.0,32.0,43.0,29.0,29.0,35.0,39.0,48.0,40.0,36.0,41.0
35,23.0,27.0,32.0,43.0,32.0,31.0,39.0,36.0,36.0,34.0,40.0,43.0,32.0,36.0,34.0,33.0,42.0
36,23.0,26.0,34.0,31.0,23.0,34.0,34.0,47.0,33.0,37.0,33.0,47.0,43.0,29.0,36.0,42.0,36.0
37,39.0,39.0,36.0,44.0,28.0,49.0,30.0,32.0,31.0,33.0,49.0,36.0,33.0,25.0,37.0,34.0,37.0
38,33.0,38.0,28.0,28.0,24.0,38.0,27.0,37.0,37.0,32.0,30.0,31.0,39.0,27.0,28.0,29.0,33.0
39,35.0,43.0,35.0,36.0,30.0,36.0,39.0,35.0,38.0,23.0,32.0,43.0,35.0,39.0,28.0,37.0,47.0
40,38.0,27.0,42.0,32.0,31.0,35.0,44.0,29.0,37.0,36.0,45.0,34.0,36.0,41.0,38.0,32.0,35.0
41,33.0,31.0,33.0,41.0,47.0,44.0,37.0,43.0,39.0,26.0,42.0,46.0,36.0,44.0,34.0,26.0,39.0
42,39.0,39.0,28.0,44.0,50.0,35.0,46.0,25.0,39.0,35.0,47.0,34.0,33.0,38.0,39.0,42.0,37.0
43,36.0,42.0,30.0,35.0,35.0,46.0,32.0,37.0,34.0,41.0,48.0,36.0,36.0,36.0,45.0,38.0,36.0
44,32.0,40.0,39.0,42.0,44.0,37.0,36.0,44.0,45.0,23.0,37.0,42.0,36.0,39.0,40.0,38.0,32.0
45,31.0,35.0,29.0,32.0,32.0,35.0,43.0,39.0,36.0,37.0,35.0,27.0,33.0,29.0,48.0,36.0,40.0
46,42.0,31.0,40.0,34.0,37.0,41.0,32.0,32.0,37.0,51.0,28.0,39.0,54.0,30.0,43.0,32.0,32.0
47,33.0,37.0,36.0,34.0,39.0,32.0,37.0,33.0,46.0,31.0,29.0,29.0,44.0,47.0,36.0,46.0,34.0
48,32.0,24.0,27.0,39.0,29.0,32.0,45.0,37.0,30.0,30.0,27.0,33.0,30.0,39.0,39.0,34.0,29.0
49,28.0,26.0,25.0,26.0,26.0,25.0,24.0,20.0,29.0,27.0,39.0,24.0,23.0,40.0,24.0,17.0,31.0
50,26.0,30.0,28.0,22.0,26.0,27.0,26.0,23.0,27.0,36.0,32.0,24.0,33.0,27.0,34.0,25.0,27.0
51,24.0,25.0,32.0,26.0,25.0,22.0,20.0,25.0,27.0,36.0,38.0,20.0,21.0,27.0,20.0,27.0,33.0
52,27.0,24.0,37.0,26.0,43.0,25.0,37.0,38.0,38.0,36.0,32.0,14.0,24.0,27.0,27.0,33.0,35.0
53,27.0,34.0,20.0,28.0,32.0,32.0,34.0,30.0,35.0,30.0,41.0,24.0,24.0,27.0,33.0,26.0,32.0
54,35.0,33.0,36.0,30.0,42.0,30.0,23.0,44.0,50.0,38.0,45.0,43.0,35.0,39.0,44.0,30.0,37.0
55,36.0,38.0,34.0,45.0,52.0,37.0,31.0,40.0,39.0,37.0,50.0,38.0,38.0,33.0,43.0,34.0,38.0
56,35.0,37.0,35.0,42.0,30.0,23.0,35.0,25.0,41.0,36.0,35.0,43.0,45.0,34.0,41.0,40.0,31.0
57,34.0,29.0,36.0,39.0,42.0,28.0,41.0,39.0,43.0,31.0,33.0,46.0,39.0,23.0,42.0,37.0,32.0
58,41.0,33.0,37.0,37.0,40.0,41.0,41.0,35.0,49.0,38.0,38.0,38.0,31.0,48.0,40.0,41.0,29.0
59,37.0,32.0,35.0,45.0,36.0,39.0,38.0,24.0,41.0,36.0,36.0,43.0,44.0,33.0,39.0,33.0,48.0
60,40.0,36.0,37.0,34.0,42.0,45.0,44.0,48.0,43.0,40.0,28.0,41.0,35.0,41.0,39.0,37.0,40.0
61,25.0,33.0,45.0,34.0,39.0,39.0,38.0,49.0,34.0,27.0,34.0,30.0,37.0,29.0,37.0,48.0,39.0
62,43.0,41.0,50.0,53.0,40.0,25.0,42.0,40.0,42.0,30.0,40.0,43.0,43.0,42.0,32.0,31.0,37.0
63,40.0,31.0,33.0,33.0,37.0,36.0,39.0,42.0,34.0,44.0,32.0,38.0,34.0,42.0,42.0,42.0,37.0
64,30.0,40.0,27.0,36.0,28.0,45.0,40.0,26.0,45.0,35.0,35.0,35.0,38.0,33.0,44.0,35.0,35.0
65,29.0,18.0,22.0,29.0,34.0,35.0,36.0,29.0,48.0,28.0,37.0,37.0,39.0,37.0,22.0,37.0,35.0
66,28.0,29.0,37.0,32.0,28.0,37.0,25.0,34.0,41.0,28.0,45.0,40.0,35.0,44.0,40.0,35.0,48.0
67,33.0,39.0,32.0,35.0,36.0,37.0,36.0,34.0,36.0,30.0,41.0,49.0,41.0,36.0,36.0,34.0,46.0
68,26.0,26.0,34.0,36.0,34.0,35.0,39.0,38.0,35.0,33.0,40.0,43.0,35.0,39.0,34.0,30.0,41.0
69,38.0,35.0,30.0,33.0,39.0,37.0,35.0,36.0,30.0,49.0,42.0,40.0,27.0,32.0,45.0,41.0,35.0
70,41.0,35.0,25.0,40.0,40.0,33.0,35.0,40.0,37.0,38.0,29.0,42.0,40.0,33.0,38.0,37.0,37.0
71,31.0,37.0,33.0,32.0,37.0,30.0,36.0,27.0,42.0,42.0,42.0,45.0,40.0,31.0,34.0,37.0,28.0
72,47.0,53.0,38.0,43.0,44.0,31.0,39.0,43.0,45.0,41.0,41.0,48.0,45.0,42.0,43.0,53.0,36.0
73,34.0,43.0,49.0,42.0,38.0,39.0,35.0,23.0,42.0,47.0,41.0,35.0,38.0,43.0,26.0,42.0,39.0
74,32.0,40.0,41.0,35.0,37.0,33.0,36.0,48.0,37.0,32.0,42.0,32.0,36.0,38.0,30.0,41.0,51.0
75,33.0,33.0,44.0,29.0,41.0,32.0,36.0,35.0,43.0,30.0,36.0,40.0,30.0,27.0,40.0,49.0,32.0
76,34.0,32.0,41.0,33.0,49.0,41.0,43.0,49.0,54.0,49.0,35.0,39.0,35.0,41.0,42.0,36.0,35.0
77,30.0,37.0,36.0,43.0,39.0,31.0,37.0,30.0,35.0,35.0,36.0,37.0,33.0,28.0,42.0,40.0,34.0
78,27.0,31.0,40.0,42.0,38.0,38.0,35.0,31.0,35.0,38.0,30.0,39.0,36.0,33.0,40.0,33.0,41.0
79,22.0,30.0,32.0,31.0,35.0,37.0,40.0,51.0,35.0,41.0,32.0,30.0,46.0,36.0,36.0,44.0,47.0
80,46.0,26.0,31.0,30.0,27.0,34.0,29.0,26.0,36.0,27.0,36.0,30.0,40.0,42.0,33.0,41.0,33.0
81,30.0,27.0,28.0,35.0,22.0,40.0,31.0,32.0,35.0,42.0,36.0,52.0,32.0,27.0,33.0,39.0,41.0
82,43.0,44.0,33.0,42.0,35.0,32.0,31.0,31.0,23.0,47.0,45.0,35.0,35.0,34.0,40.0,34.0,36.0
83,21.0,17.0,25.0,36.0,28.0,42.0,42.0,34.0,34.0,42.0,28.0,41.0,37.0,42.0,50.0,28.0,36.0
84,25.0,37.0,31.0,25.0,30.0,24.0,33.0,34.0,35.0,30.0,34.0,37.0,41.0,36.0,44.0,39.0,35.0
85,37.0,28.0,22.0,26.0,28.0,34.0,33.0,37.0,27.0,46.0,50.0,30.0,37.0,43.0,41.0,38.0,25.0
86,32.0,29.0,21.0,33.0,33.0,39.0,24.0,23.0,49.0,25.0,35.0,21.0,33.0,33.0,21.0,29.0,26.0
87,38.0,33.0,33.0,34.0,41.0,36.0,41.0,33.0,34.0,30.0,37.0,28.0,21.0,38.0,34.0,30.0,22.0
88,42.0,32.0,43.0,36.0,37.0,26.0,25.0,28.0,35.0,33.0,38.0,26.0,24.0,39.0,34.0,36.0,33.0
89,40.0,39.0,33.0,33.0,39.0,37.0,28.0,25.0,54.0,46.0,39.0,34.0,35.0,37.0,37.0,28.0,33.0
90,40.0,39.0,35.0,29.0,40.0,28.0,37.0,32.0,42.0,30.0,33.0,40.0,39.0,38.0,33.0,44.0,29.0
91,39.0,27.0,25.0,43.0,40.0,29.0,37.0,42.0,42.0,28.0,31.0,43.0,36.0,38.0,41.0,48.0,45.0
92,34.0,28.0,24.0,34.0,29.0,27.0,32.0,30.0,37.0,36.0,29.0,34.0,29.0,44.0,31.0,31.0,30.0
93,26.0,28.0,26.0,29.0,16.0,25.0,19.0,29.0,17.0,29.0,38.0,27.0,28.0,33.0,30.0,19.0,24.0
94,28.0,28.0,40.0,29.0,35.0,24.0,22.0,45.0,44.0,36.0,34.0,39.0,42.0,37.0,33.0,30.0,33.0
95,40.0,35.0,30.0,27.0,38.0,36.0,44.0,33.0,41.0,37.0,46.0,47.0,38.0,40.0,40.0,40.0,38.0
96,35.0,37.0,29.0,25.0,24.0,35.0,23.0,36.0,38.0,37.0,31.0,34.0,27.0,26.0,41.0,39.0,37.0
97,31.0,32.0,23.0,35.0,35.0,43.0,45.0,38.0,25.0,35.0,34.0,38.0,48.0,38.0,33.0,43.0,39.0
98,23.0,23.0,23.0,30.0,33.0,40.0,36.0,30.0,40.0,45.0,41.0,46.0,41.0,41.0,39.0,45.0,36.0
99,51.0,44.0,40.0,34.0,38.0,47.0,41.0,36.0,36.0,35.0,43.0,43.0,36.0,39.0,31.0,51.0,47.0
100,32.0,35.0,38.0,30.0,37.0,31.0,46.0,32.0,53.0,38.0,42.0,30.0,40.0,47.0,41.0,46.0,34.0
101,37.0,46.0,40.0,45.0,31.0,38.0,48.0,48.0,41.0,45.0,44.0,27.0,37.0,36.0,41.0,27.0,34.0
102,42.0,39.0,35.0,37.0,47.0,36.0,50.0,41.0,47.0,45.0,52.0,49.0,42.0,35.0,41.0,46.0,41.0
103,46.0,47.0,52.0,34.0,37.0,36.0,38.0,42.0,41.0,42.0,47.0,42.0,31.0,43.0,47.0,45.0,34.0
104,34.0,35.0,32.0,26.0,43.0,35.0,43.0,31.0,40.0,34.0,34.0,37.0,31.0,43.0,46.0,31.0,29.0
105,33.0,24.0,25.0,29.0,29.0,38.0,37.0,30.0,45.0,38.0,38.0,36.0,34.0,39.0,34.0,30.0,35.0
106,23.0,33.0,25.0,27.0,26.0,34.0,34.0,32.0,41.0,40.0,26.0,50.0,34.0,32.0,26.0,37.0,27.0
107,33.0,43.0,36.0,31.0,38.0,31.0,45.0,37.0,42.0,37.0,41.0,39.0,29.0,34.0,38.0,49.0,38.0
108,37.0,39.0,39.0,32.0,28.0,43.0,31.0,36.0,38.0,42.0,38.0,45.0,45.0,45.0,45.0,48.0,40.0
109,24.0,39.0,30.0,24.0,33.0,37.0,30.0,50.0,37.0,36.0,47.0,38.0,27.0,27.0,23.0,33.0,38.0
110,32.0,41.0,26.0,19.0,31.0,21.0,30.0,31.0,34.0,31.0,39.0,35.0,42.0,34.0,36.0,29.0,36.0
111,36.0,32.0,29.0,28.0,28.0,40.0,36.0,41.0,31.0,37.0,40.0,46.0,46.0,47.0,41.0,28.0,41.0
112,36.0,45.0,43.0,38.0,47.0,36.0,28.0,44.0,32.0,46.0,46.0,43.0,42.0,38.0,39.0,42.0,39.0
113,48.0,38.0,46.0,38.0,37.0,36.0,43.0,46.0,33.0,37.0,45.0,50.0,27.0,40.0,34.0,44.0,32.0
114,41.0,38.0,40.0,39.0,37.0,45.0,39.0,48.0,42.0,36.0,43.0,44.0,49.0,54.0,44.0,39.0,37.0
115,30.0,47.0,20.0,28.0,40.0,33.0,46.0,27.0,34.0,33.0,39.0,51.0,43.0,42.0,36.0,46.0,39.0
116,41.0,50.0,41.0,48.0,41.0,41.0,33.0,38.0,43.0,40.0,43.0,43.0,48.0,46.0,39.0,44.0,45.0
117,33.0,42.0,34.0,41.0,34.0,26.0,29.0,37.0,39.0,30.0,40.0,35.0,31.0,39.0,36.0,28.0,42.0
118,32.0,32.0,26.0,34.0,27.0,35.0,46.0,36.0,37.0,35.0,38.0,40.0,39.0,40.0,38.0,42.0,32.0
119,36.0,31.0,38.0,47.0,29.0,33.0,25.0,33.0,34.0,33.0,33.0,24.0,24.0,44.0,37.0,37.0,33.0
120,36.0,35.0,27.0,31.0,21.0,35.0,47.0,40.0,37.0,37.0,27.0,37.0,43.0,39.0,35.0,46.0,41.0
121,30.0,24.0,31.0,62.0,21.0,29.0,38.0,38.0,32.0,31.0,43.0,36.0,35.0,32.0,27.0,30.0,32.0
122,27.0,26.0,34.0,46.0,33.0,32.0,42.0,47.0,40.0,38.0,41.0,33.0,41.0,45.0,39.0,35.0,38.0
123,33.0,35.0,33.0,35.0,31.0,41.0,41.0,40.0,52.0,47.0,41.0,40.0,44.0,34.0,48.0,40.0,37.0
124,36.0,34.0,25.0,34.0,29.0,38.0,43.0,42.0,42.0,26.0,40.0,43.0,44.0,46.0,47.0,44.0,43.0
125,38.0,38.0,41.0,28.0,24.0,38.0,32.0,30.0,42.0,41.0,51.0,30.0,40.0,31.0,32.0,38.0,28.0
126,44.0,41.0,45.0,45.0,40.0,41.0,42.0,40.0,37.0,48.0,41.0,28.0,48.0,36.0,41.0,34.0,34.0
127,40.0,36.0,33.0,33.0,48.0,43.0,41.0,43.0,48.0,48.0,40.0,48.0,43.0,43.0,52.0,48.0,42.0
128,42.0,37.0,27.0,39.0,37.0,41.0,42.0,43.0,47.0,45.0,35.0,49.0,43.0,42.0,45.0,39.0,45.0
129,35.0,31.0,31.0,33.0,31.0,33.0,35.0,34.0,34.0,35.0,37.0,35.0,37.0,27.0,42.0,46.0,39.0
130,38.0,39.0,42.0,36.0,31.0,38.0,38.0,33.0,39.0,32.0,38.0,39.0,43.0,43.0,46.0,38.0,27.0
131,39.0,30.0,33.0,33.0,39.0,42.0,39.0,40.0,40.0,35.0,41.0,48.0,40.0,41.0,28.0,41.0,35.0
132,34.0,28.0,29.0,40.0,32.0,33.0,29.0,32.0,41.0,46.0,27.0,49.0,41.0,36.0,43.0,39.0,34.0
133,35.0,35.0,30.0,29.0,44.0,37.0,37.0,31.0,42.0,35.0,33.0,31.0,33.0,40.0,32.0,29.0,42.0
134,33.0,38.0,39.0,42.0,37.0,29.0,34.0,33.0,29.0,24.0,47.0,41.0,52.0,44.0,30.0,41.0,29.0
135,29.0,34.0,24.0,34.0,28.0,29.0,37.0,30.0,37.0,33.0,31.0,35.0,44.0,41.0,33.0,31.0,34.0
136,32.0,32.0,33.0,44.0,35.0,40.0,39.0,42.0,40.0,39.0,39.0,52.0,40.0,49.0,45.0,48.0,43.0
137,33.0,38.0,25.0,25.0,34.0,38.0,36.0,34.0,34.0,39.0,43.0,41.0,33.0,44.0,38.0,29.0,31.0
138,26.0,36.0,44.0,39.0,45.0,41.0,36.0,37.0,39.0,44.0,38.0,44.0,34.0,40.0,38.0,56.0,34.0
139,31.0,39.0,32.0,42.0,31.0,42.0,45.0,40.0,47.0,46.0,36.0,37.0,31.0,53.0,39.0,42.0,44.0
140,35.0,43.0,35.0,43.0,41.0,38.0,46.0,43.0,40.0,26.0,35.0,37.0,40.0,41.0,39.0,48.0,40.0
141,29.0,34.0,22.0,20.0,36.0,31.0,51.0,31.0,38.0,37.0,39.0,42.0,38.0,34.0,35.0,36.0,31.0
142,33.0,26.0,28.0,29.0,31.0,34.0,26.0,29.0,34.0,30.0,34.0,31.0,48.0,35.0,33.0,43.0,39.0
143,20.0,32.0,24.0,25.0,34.0,36.0,27.0,35.0,39.0,47.0,36.0,46.0,44.0,26.0,35.0,32.0,27.0
144,24.0,31.0,28.0,30.0,30.0,32.0,41.0,39.0,30.0,38.0,39.0,33.0,43.0,35.0,27.0,34.0,25.0
145,28.0,25.0,33.0,31.0,22.0,22.0,31.0,34.0,34.0,30.0,31.0,32.0,36.0,29.0,33.0,37.0,34.0
146,36.0,31.0,33.0,39.0,41.0,32.0,32.0,47.0,36.0,47.0,35.0,39.0,38.0,34.0,33.0,40.0,43.0
147,32.0,38.0,40.0,36.0,38.0,35.0,43.0,31.0,39.0,46.0,34.0,36.0,42.0,46.0,27.0,37.0,40.0
148,33.0,32.0,30.0,36.0,27.0,38.0,39.0,47.0,45.0,43.0,33.0,34.0,41.0,50.0,39.0,36.0,31.0
149,23.0,34.0,30.0,34.0,36.0,30.0,30.0,26.0,29.0,32.0,38.0,28.0,33.0,27.0,29.0,29.0,37.0
150,43.0,29.0,36.0,41.0,34.0,26.0,38.0,44.0,30.0,45.0,36.0,33.0,41.0,33.0,34.0,31.0,36.0
151,38.0,42.0,38.0,37.0,26.0,33.0,18.0,45.0,34.0,35.0,34.0,34.0,33.0,36.0,33.0,43.0,24.0
152,35.0,40.0,32.0,38.0,38.0,36.0,45.0,34.0,39.0,39.0,27.0,32.0,38.0,38.0,39.0,30.0,35.0
153,34.0,27.0,33.0,26.0,44.0,27.0,38.0,29.0,44.0,30.0,30.0,28.0,26.0,43.0,40.0,34.0,27.0
154,38.0,35.0,37.0,36.0,35.0,24.0,34.0,33.0,46.0,47.0,31.0,22.0,18.0,30.0,34.0,33.0,29.0
155,26.0,26.0,36.0,38.0,30.0,27.0,31.0,33.0,44.0,42.0,46.0,29.0,24.0,48.0,29.0,41.0,36.0
156,33.0,34.0,25.0,49.0,32.0,35.0,33.0,43.0,37.0,56.0,37.0,23.0,32.0,37.0,39.0,32.0,29.0
157,27.0,33.0,32.0,35.0,36.0,41.0,31.0,36.0,51.0,37.0,56.0,45.0,39.0,30.0,46.0,25.0,29.0
158,26.0,41.0,28.0,41.0,25.0,33.0,39.0,14.0,34.0,17.0,32.0,49.0,39.0,42.0,40.0,34.0,47.0
159,29.0,32.0,23.0,44.0,22.0,43.0,29.0,29.0,26.0,33.0,24.0,28.0,30.0,37.0,27.0,32.0,25.0
160,26.0,25.0,36.0,20.0,25.0,24.0,27.0,34.0,26.0,49.0,39.0,42.0,33.0,25.0,33.0,40.0,36.0
161,30.0,24.0,35.0,23.0,31.0,37.0,29.0,36.0,25.0,23.0,25.0,22.0,29.0,20.0,27.0,31.0,26.0
162,20.0,25.0,23.0,29.0,22.0,27.0,30.0,24.0,26.0,33.0,31.0,31.0,40.0,39.0,23.0,36.0,37.0
163,28.0,21.0,25.0,28.0,38.0,35.0,20.0,36.0,38.0,28.0,26.0,38.0,34.0,33.0,16.0,39.0,35.0
164,30.0,28.0,30.0,28.0,27.0,27.0,30.0,31.0,36.0,39.0,39.0,29.0,30.0,27.0,36.0,35.0,39.0
165,30.0,23.0,23.0,30.0,28.0,29.0,34.0,29.0,30.0,39.0,24.0,30.0,32.0,24.0,25.0,39.0,28.0
166,26.0,20.0,17.0,22.0,28.0,30.0,25.0,28.0,35.0,46.0,34.0,26.0,32.0,36.0,27.0,43.0,34.0
167,17.0,26.0,22.0,25.0,26.0,31.0,34.0,29.0,29.0,35.0,31.0,39.0,37.0,33.0,22.0,18.0,24.0
168,23.0,29.0,24.0,18.0,27.0,28.0,28.0,36.0,32.0,28.0,20.0,28.0,37.0,22.0,24.0,24.0,26.0
169,30.0,25.0,25.0,19.0,24.0,23.0,29.0,25.0,23.0,23.0,24.0,23.0,20.0,31.0,25.0,34.0,25.0
170,26.0,25.0,30.0,29.0,35.0,37.0,36.0,33.0,24.0,36.0,35.0,35.0,32.0,29.0,35.0,41.0,29.0
171,35.0,36.0,28.0,24.0,34.0,28.0,38.0,30.0,24.0,42.0,37.0,40.0,25.0,28.0,32.0,44.0,42.0
172,39.0,37.0,35.0,37.0,31.0,26.0,36.0,27.0,28.0,31.0,25.0,29.0,22.0,19.0,17.0,41.0,22.0
173,32.0,37.0,24.0,28.0,40.0,39.0,36.0,26.0,36.0,43.0,39.0,28.0,36.0,39.0,44.0,38.0,36.0
174,22.0,32.0,30.0,33.0,23.0,31.0,33.0,22.0,36.0,34.0,34.0,38.0,35.0,33.0,30.0,44.0,27.0
175,27.0,28.0,31.0,29.0,18.0,16.0,30.0,44.0,32.0,35.0,44.0,30.0,30.0,20.0,36.0,33.0,33.0
176,35.0,23.0,32.0,24.0,33.0,31.0,39.0,27.0,26.0,30.0,31.0,28.0,26.0,28.0,36.0,34.0,37.0
177,35.0,27.0,24.0,42.0,25.0,28.0,26.0,36.0,29.0,32.0,26.0,26.0,32.0,42.0,45.0,37.0,38.0
178,38.0,34.0,40.0,26.0,34.0,33.0,30.0,34.0,34.0,24.0,30.0,32.0,44.0,29.0,29.0,36.0,35.0
179,29.0,32.0,34.0,28.0,32.0,37.0,30.0,36.0,28.0,29.0,43.0,41.0,31.0,29.0,23.0,40.0,28.0
180,39.0,36.0,34.0,35.0,32.0,29.0,41.0,30.0,34.0,33.0,39.0,30.0,36.0,41.0,33.0,41.0,32.0
181,36.0,40.0,34.0,21.0,24.0,22.0,30.0,36.0,33.0,26.0,32.0,33.0,36.0,29.0,34.0,43.0,40.0
182,28.0,22.0,31.0,30.0,35.0,34.0,28.0,28.0,40.0,30.0,39.0,27.0,28.0,37.0,40.0,49.0,39.0
183,25.0,31.0,36.0,41.0,26.0,34.0,35.0,42.0,39.0,49.0,26.0,28.0,38.0,32.0,37.0,41.0,35.0
184,35.0,41.0,35.0,40.0,43.0,44.0,32.0,26.0,30.0,33.0,40.0,40.0,38.0,30.0,39.0,42.0,37.0
185,45.0,51.0,40.0,52.0,48.0,37.0,50.0,41.0,35.0,36.0,28.0,36.0,37.0,47.0,41.0,53.0,46.0
186,33.0,42.0,27.0,43.0,39.0,31.0,34.0,35.0,40.0,44.0,37.0,27.0,40.0,41.0,29.0,30.0,30.0
187,34.0,46.0,45.0,27.0,34.0,29.0,33.0,36.0,35.0,40.0,24.0,43.0,34.0,36.0,22.0,43.0,28.0
188,39.0,48.0,26.0,41.0,39.0,52.0,37.0,38.0,41.0,37.0,30.0,31.0,34.0,42.0,36.0,56.0,44.0
189,30.0,35.0,36.0,39.0,41.0,48.0,31.0,34.0,29.0,33.0,29.0,44.0,34.0,45.0,33.0,35.0,39.0
190,30.0,38.0,26.0,47.0,41.0,36.0,33.0,31.0,37.0,49.0,51.0,36.0,39.0,36.0,31.0,37.0,49.0
191,35.0,37.0,32.0,36.0,41.0,37.0,37.0,36.0,46.0,33.0,31.0,32.0,32.0,39.0,38.0,40.0,42.0
192,33.0,29.0,36.0,39.0,33.0,42.0,51.0,37.0,46.0,36.0,40.0,31.0,48.0,33.0,34.0,38.0,38.0
193,39.0,35.0,27.0,39.0,30.0,35.0,38.0,40.0,34.0,40.0,36.0,46.0,33.0,41.0,44.0,43.0,29.0
194,33.0,30.0,36.0,39.0,37.0,33.0,49.0,45.0,35.0,34.0,31.0,25.0,35.0,41.0,41.0,28.0,41.0
195,43.0,36.0,45.0,34.0,32.0,37.0,45.0,38.0,46.0,47.0,43.0,30.0,30.0,33.0,46.0,37.0,28.0
196,30.0,28.0,37.0,34.0,39.0,34.0,41.0,40.0,38.0,46.0,36.0,40.0,37.0,42.0,38.0,48.0,37.0
197,32.0,33.0,38.0,36.0,42.0,27.0,42.0,39.0,32.0,39.0,38.0,32.0,36.0,36.0,32.0,31.0,45.0
198,29.0,41.0,38.0,41.0,52.0,37.0,30.0,43.0,35.0,40.0,43.0,30.0,36.0,41.0,53.0,36.0,24.0
199,42.0,42.0,27.0,42.0,45.0,41.0,41.0,44.0,38.0,31.0,30.0,37.0,36.0,40.0,48.0,46.0,38.0
200,42.0,44.0,40.0,42.0,31.0,43.0,48.0,39.0,42.0,44.0,34.0,40.0,36.0,39.0,32.0,40.0,37.0
201,32.0,36.0,26.0,37.0,20.0,44.0,32.0,40.0,32.0,40.0,33.0,22.0,40.0,41.0,35.0,44.0,33.0
202,35.0,31.0,41.0,39.0,29.0,37.0,46.0,33.0,42.0,34.0,31.0,43.0,35.0,42.0,28.0,40.0,26.0
203,37.0,42.0,44.0,40.0,36.0,32.0,41.0,41.0,35.0,34.0,40.0,39.0,34.0,43.0,34.0,40.0,34.0
204,39.0,29.0,32.0,42.0,26.0,38.0,31.0,37.0,38.0,39.0,30.0,53.0,41.0,45.0,35.0,38.0,46.0
205,34.0,20.0,38.0,38.0,43.0,40.0,36.0,35.0,28.0,39.0,26.0,31.0,22.0,39.0,33.0,33.0,31.0
206,29.0,30.0,33.0,30.0,36.0,33.0,42.0,37.0,32.0,34.0,46.0,25.0,40.0,46.0,34.0,40.0,41.0
207,35.0,34.0,36.0,47.0,29.0,35.0,35.0,35.0,32.0,43.0,40.0,27.0,34.0,26.0,39.0,45.0,36.0
208,45.0,37.0,44.0,44.0,29.0,41.0,35.0,45.0,33.0,38.0,45.0,44.0,34.0,44.0,41.0,32.0,24.0
209,33.0,38.0,40.0,33.0,39.0,41.0,24.0,30.0,39.0,36.0,37.0,20.0,32.0,36.0,32.0,27.0,38.0
210,25.0,27.0,28.0,29.0,41.0,34.0,30.0,28.0,30.0,31.0,36.0,36.0,37.0,31.0,30.0,38.0,30.0
211,22.0,16.0,23.0,22.0,19.0,33.0,23.0,33.0,37.0,23.0,24.0,28.0,32.0,31.0,27.0,29.0,30.0
212,23.0,24.0,19.0,32.0,32.0,35.0,33.0,35.0,42.0,42.0,49.0,36.0,25.0,33.0,39.0,32.0,41.0
213,36.0,33.0,40.0,31.0,41.0,23.0,38.0,37.0,37.0,34.0,23.0,20.0,36.0,30.0,33.0,36.0,26.0
214,27.0,27.0,32.0,27.0,30.0,36.0,34.0,41.0,28.0,30.0,28.0,33.0,26.0,31.0,24.0,36.0,31.0
215,18.0,19.0,19.0,15.0,28.0,23.0,32.0,31.0,21.0,26.0,22.0,32.0,32.0,23.0,33.0,34.0,34.0
216,28.0,26.0,30.0,24.0,23.0,18.0,32.0,33.0,34.0,25.0,27.0,29.0,33.0,20.0,30.0,28.0,16.0
217,36.0,28.0,28.0,25.0,38.0,29.0,33.0,26.0,31.0,29.0,42.0,34.0,34.0,35.0,23.0,39.0,30.0
218,33.0,33.0,26.0,31.0,34.0,31.0,23.0,21.0,38.0,45.0,27.0,41.0,37.0,44.0,29.0,31.0,28.0
219,38.0,41.0,28.0,36.0,41.0,30.0,36.0,32.0,38.0,34.0,38.0,36.0,30.0,46.0,29.0,37.0,42.0
220,38.0,30.0,36.0,28.0,32.0,38.0,42.0,52.0,42.0,49.0,38.0,38.0,34.0,31.0,36.0,33.0,37.0
221,41.0,38.0,34.0,47.0,42.0,43.0,45.0,32.0,41.0,34.0,30.0,35.0,40.0,35.0,43.0,44.0,39.0
222,31.0,47.0,27.0,44.0,36.0,38.0,37.0,37.0,35.0,50.0,33.0,36.0,42.0,32.0,47.0,41.0,28.0
223,50.0,42.0,41.0,34.0,42.0,44.0,43.0,49.0,47.0,41.0,30.0,26.0,40.0,39.0,34.0,36.0,30.0
224,22.0,28.0,32.0,35.0,25.0,39.0,30.0,23.0,32.0,46.0,37.0,24.0,29.0,26.0,29.0,36.0,31.0
225,25.0,32.0,29.0,35.0,26.0,27.0,25.0,26.0,28.0,36.0,26.0,37.0,39.0,29.0,31.0,33.0,30.0
226,36.0,43.0,41.0,36.0,41.0,29.0,33.0,29.0,35.0,42.0,28.0,32.0,31.0,34.0,34.0,34.0,40.0
227,45.0,40.0,44.0,37.0,41.0,31.0,32.0,44.0,31.0,43.0,36.0,39.0,39.0,31.0,31.0,46.0,26.0
228,49.0,31.0,39.0,47.0,52.0,31.0,42.0,37.0,33.0,40.0,33.0,39.0,40.0,29.0,34.0,36.0,40.0
229,38.0,54.0,35.0,42.0,34.0,28.0,30.0,48.0,35.0,36.0,27.0,46.0,25.0,42.0,28.0,33.0,33.0
230,36.0,32.0,41.0,39.0,44.0,47.0,34.0,38.0,45.0,36.0,38.0,31.0,38.0,40.0,27.0,48.0,43.0
231,34.0,47.0,41.0,42.0,36.0,40.0,38.0,41.0,39.0,35.0,43.0,37.0,31.0,43.0,46.0,38.0,33.0
232,31.0,43.0,39.0,39.0,42.0,45.0,40.0,39.0,36.0,33.0,48.0,38.0,35.0,38.0,34.0,36.0,46.0
233,35.0,27.0,42.0,46.0,47.0,47.0,35.0,43.0,41.0,46.0,42.0,34.0,30.0,41.0,43.0,47.0,41.0
234,42.0,43.0,44.0,35.0,46.0,50.0,36.0,46.0,37.0,29.0,35.0,30.0,36.0,34.0,45.0,26.0,30.0
235,41.0,42.0,50.0,36.0,45.0,38.0,43.0,28.0,24.0,37.0,44.0,37.0,49.0,37.0,49.0,32.0,38.0
236,32.0,34.0,34.0,40.0,32.0,35.0,44.0,39.0,41.0,33.0,33.0,40.0,25.0,38.0,32.0,39.0,35.0
237,40.0,34.0,33.0,46.0,32.0,39.0,23.0,41.0,34.0,43.0,46.0,40.0,31.0,46.0,39.0,36.0,32.0
238,36.0,50.0,33.0,35.0,49.0,40.0,38.0,30.0,41.0,38.0,36.0,33.0,40.0,33.0,33.0,43.0,38.0
239,41.0,42.0,30.0,38.0,33.0,27.0,39.0,37.0,40.0,37.0,37.0,37.0,39.0,35.0,28.0,31.0,38.0
240,35.0,33.0,42.0,47.0,45.0,40.0,35.0,41.0,40.0,43.0,30.0,36.0,53.0,43.0,50.0,32.0,40.0
241,35.0,39.0,48.0,33.0,36.0,35.0,44.0,31.0,41.0,32.0,36.0,42.0,31.0,44.0,37.0,39.0,42.0
242,44.0,32.0,45.0,36.0,36.0,29.0,49.0,43.0,36.0,33.0,44.0,43.0,36.0,39.0,28.0,40.0,33.0
243,29.0,30.0,35.0,44.0,32.0,32.0,43.0,47.0,38.0,40.0,36.0,46.0,34.0,45.0,45.0,28.0,41.0
244,39.0,32.0,39.0,32.0,33.0,33.0,36.0,36.0,42.0,29.0,42.0,33.0,40.0,25.0,44.0,40.0,36.0
245,30.0,40.0,44.0,34.0,41.0,41.0,45.0,41.0,37.0,43.0,46.0,31.0,37.0,35.0,36.0,31.0,34.0
246,41.0,45.0,38.0,33.0,36.0,50.0,34.0,39.0,49.0,31.0,43.0,38.0,27.0,37.0,27.0,36.0,32.0
247,41.0,34.0,46.0,36.0,31.0,31.0,33.0,44.0,54.0,47.0,37.0,32.0,46.0,34.0,36.0,34.0,44.0
248,39.0,29.0,43.0,47.0,37.0,47.0,42.0,34.0,37.0,33.0,39.0,43.0,42.0,39.0,46.0,49.0,46.0
249,26.0,42.0,44.0,40.0,43.0,42.0,36.0,33.0,45.0,43.0,36.0,28.0,44.0,56.0,36.0,26.0,34.0
250,35.0,40.0,42.0,44.0,49.0,44.0,45.0,38.0,36.0,35.0,49.0,37.0,43.0,32.0,36.0,52.0,31.0
251,36.0,40.0,31.0,45.0,42.0,50.0,34.0,29.0,41.0,35.0,45.0,29.0,34.0,38.0,33.0,41.0,28.0
252,31.0,40.0,22.0,47.0,48.0,28.0,43.0,41.0,36.0,34.0,35.0,42.0,45.0,36.0,46.0,33.0,41.0
253,33.0,34.0,29.0,45.0,36.0,45.0,46.0,39.0,51.0,44.0,40.0,37.0,37.0,48.0,43.0,44.0,40.0
254,28.0,36.0,44.0,37.0,49.0,37.0,32.0,41.0,39.0,43.0,41.0,40.0,40.0,44.0,39.0,45.0,34.0
255,33.0,36.0,32.0,36.0,37.0,35.0,34.0,27.0,31.0,37.0,35.0,37.0,37.0,42.0,49.0,47.0,38.0
256,36.0,48.0,36.0,41.0,36.0,35.0,48.0,40.0,31.0,42.0,43.0,49.0,36.0,41.0,40.0,33.0,44.0
257,38.0,36.0,36.0,46.0,27.0,37.0,32.0,33.0,38.0,34.0,38.0,40.0,45.0,46.0,40.0,29.0,32.0
258,38.0,35.0,36.0,35.0,32.0,36.0,29.0,42.0,31.0,46.0,37.0,44.0,52.0,36.0,38.0,37.0,35.0
259,36.0,49.0,34.0,43.0,23.0,40.0,38.0,42.0,35.0,26.0,43.0,40.0,41.0,46.0,33.0,43.0,36.0
260,36.0,39.0,27.0,39.0,37.0,43.0,44.0,41.0,35.0,28.0,40.0,27.0,37.0,35.0,37.0,38.0,40.0
261,41.0,27.0,24.0,41.0,43.0,42.0,34.0,40.0,39.0,40.0,40.0,43.0,48.0,41.0,34.0,31.0,40.0
262,29.0,29.0,33.0,40.0,39.0,45.0,48.0,33.0,29.0,36.0,33.0,39.0,40.0,39.0,39.0,40.0,43.0
263,41.0,49.0,25.0,38.0,47.0,52.0,36.0,38.0,37.0,41.0,40.0,52.0,39.0,40.0,43.0,33.0,45.0
264,42.0,38.0,31.0,39.0,47.0,42.0,43.0,43.0,38.0,38.0,45.0,47.0,41.0,51.0,45.0,45.0,38.0
265,37.0,31.0,44.0,35.0,45.0,46.0,39.0,43.0,39.0,49.0,48.0,39.0,33.0,44.0,36.0,35.0,41.0
266,37.0,35.0,37.0,40.0,36.0,31.0,37.0,43.0,40.0,51.0,40.0,22.0,28.0,48.0,40.0,39.0,34.0
267,38.0,45.0,36.0,38.0,38.0,34.0,50.0,32.0,27.0,38.0,44.0,36.0,33.0,35.0,32.0,38.0,31.0
268,34.0,40.0,44.0,38.0,41.0,39.0,35.0,40.0,36.0,34.0,37.0,36.0,22.0,40.0,39.0,36.0,29.0
269,33.0,42.0,37.0,43.0,40.0,30.0,34.0,53.0,37.0,47.0,43.0,52.0,34.0,36.0,50.0,33.0,43.0
270,34.0,40.0,36.0,35.0,35.0,31.0,46.0,46.0,31.0,39.0,31.0,44.0,41.0,33.0,32.0,42.0,33.0
271,33.0,27.0,33.0,27.0,35.0,34.0,32.0,28.0,31.0,36.0,32.0,42.0,37.0,44.0,24.0,35.0,27.0
272,33.0,35.0,29.0,30.0,29.0,29.0,40.0,35.0,34.0,23.0,28.0,36.0,41.0,26.0,23.0,26.0,27.0
273,25.0,17.0,25.0,31.0,32.0,22.0,30.0,33.0,38.0,33.0,28.0,30.0,37.0,42.0,32.0,24.0,42.0
274,25.0,21.0,29.0,9.0,29.0,25.0,35.0,27.0,28.0,30.0,42.0,33.0,26.0,41.0,27.0,50.0,34.0
275,18.0,41.0,32.0,23.0,22.0,20.0,26.0,31.0,39.0,30.0,42.0,31.0,28.0,36.0,31.0,36.0,43.0
276,32.0,22.0,24.0,22.0,32.0,32.0,36.0,41.0,38.0,44.0,33.0,38.0,29.0,29.0,43.0,22.0,24.0
277,28.0,31.0,38.0,21.0,28.0,27.0,33.0,24.0,39.0,42.0,34.0,25.0,30.0,34.0,27.0,42.0,27.0
278,33.0,32.0,33.0,40.0,24.0,32.0,32.0,30.0,28.0,24.0,25.0,26.0,25.0,20.0,28.0,26.0,39.0
279,50.0,36.0,44.0,40.0,44.0,40.0,41.0,43.0,43.0,42.0,43.0,35.0,52.0,40.0,41.0,31.0,44.0
280,34.0,34.0,29.0,37.0,34.0,36.0,36.0,48.0,39.0,26.0,40.0,46.0,34.0,38.0,34.0,38.0,44.0
281,41.0,42.0,33.0,42.0,48.0,42.0,51.0,29.0,30.0,25.0,41.0,36.0,25.0,30.0,33.0,38.0,43.0
282,39.0,27.0,35.0,37.0,49.0,33.0,38.0,41.0,40.0,39.0,33.0,39.0,40.0,47.0,29.0,33.0,41.0
283,27.0,27.0,37.0,37.0,33.0,37.0,28.0,40.0,26.0,30.0,41.0,36.0,35.0,46.0,34.0,35.0,39.0
284,44.0,44.0,38.0,40.0,55.0,46.0,37.0,48.0,39.0,38.0,37.0,49.0,39.0,50.0,43.0,47.0,32.0
285,44.0,30.0,44.0,39.0,41.0,42.0,48.0,30.0,22.0,32.0,26.0,34.0,22.0,32.0,39.0,44.0,50.0
286,31.0,36.0,35.0,41.0,30.0,46.0,30.0,31.0,33.0,41.0,36.0,43.0,47.0,36.0,43.0,32.0,29.0
287,42.0,48.0,34.0,44.0,42.0,42.0,39.0,38.0,43.0,30.0,44.0,36.0,39.0,35.0,41.0,36.0,47.0
288,35.0,45.0,27.0,30.0,36.0,38.0,44.0,39.0,44.0,44.0,33.0,34.0,37.0,37.0,50.0,46.0,42.0
289,40.0,33.0,47.0,44.0,38.0,36.0,35.0,32.0,31.0,29.0,32.0,33.0,27.0,44.0,36.0,47.0,29.0
290,42.0,36.0,31.0,44.0,34.0,35.0,38.0,35.0,34.0,43.0,46.0,29.0,35.0,34.0,42.0,42.0,37.0
291,40.0,32.0,31.0,39.0,37.0,60.0,40.0,47.0,41.0,42.0,34.0,40.0,31.0,48.0,34.0,31.0,47.0
292,33.0,40.0,28.0,40.0,45.0,42.0,41.0,31.0,45.0,43.0,41.0,44.0,29.0,22.0,30.0,36.0,40.0
293,39.0,30.0,32.0,40.0,40.0,38.0,40.0,41.0,35.0,43.0,38.0,32.0,43.0,42.0,41.0,32.0,45.0
294,41.0,41.0,33.0,41.0,40.0,45.0,40.0,42.0,30.0,31.0,36.0,39.0,35.0,51.0,38.0,28.0,38.0
295,54.0,45.0,47.0,33.0,21.0,49.0,27.0,34.0,31.0,45.0,40.0,35.0,30.0,43.0,46.0,34.0,38.0
296,41.0,41.0,39.0,39.0,34.0,36.0,52.0,38.0,26.0,40.0,45.0,52.0,48.0,37.0,39.0,37.0,55.0
297,36.0,49.0,42.0,32.0,38.0,47.0,39.0,30.0,35.0,29.0,26.0,48.0,37.0,41.0,28.0,33.0,47.0
298,38.0,40.0,41.0,51.0,42.0,39.0,47.0,44.0,50.0,41.0,39.0,47.0,38.0,45.0,42.0,38.0,46.0
299,37.0,34.0,37.0,37.0,36.0,46.0,36.0,35.0,37.0,43.0,33.0,40.0,32.0,47.0,45.0,37.0,52.0
300,46.0,39.0,57.0,49.0,40.0,45.0,34.0,28.0,35.0,38.0,32.0,45.0,38.0,44.0,36.0,29.0,38.0
301,35.0,26.0,38.0,53.0,34.0,46.0,32.0,46.0,47.0,43.0,36.0,30.0,55.0,39.0,30.0,50.0,39.0
302,46.0,33.0,47.0,36.0,40.0,37.0,31.0,30.0,34.0,43.0,54.0,37.0,34.0,46.0,26.0,46.0,35.0
303,47.0,37.0,47.0,36.0,32.0,40.0,40.0,39.0,29.0,36.0,32.0,50.0,42.0,48.0,44.0,51.0,57.0
304,44.0,48.0,33.0,53.0,43.0,43.0,41.0,34.0,42.0,45.0,52.0,44.0,34.0,48.0,38.0,34.0,58.0
305,40.0,44.0,45.0,45.0,40.0,52.0,48.0,37.0,40.0,56.0,48.0,48.0,44.0,46.0,53.0,43.0,37.0
306,43.0,43.0,31.0,41.0,42.0,49.0,47.0,48.0,52.0,53.0,39.0,43.0,42.0,43.0,40.0,27.0,45.0
307,51.0,35.0,42.0,45.0,42.0,42.0,44.0,28.0,40.0,49.0,48.0,35.0,40.0,42.0,38.0,49.0,49.0
308,26.0,40.0,41.0,42.0,39.0,32.0,40.0,45.0,50.0,51.0,36.0,40.0,41.0,41.0,45.0,39.0,34.0
309,31.0,29.0,44.0,31.0,36.0,50.0,42.0,51.0,59.0,47.0,48.0,35.0,48.0,38.0,46.0,42.0,47.0
310,40.0,38.0,37.0,41.0,41.0,34.0,45.0,34.0,47.0,42.0,38.0,51.0,40.0,44.0,52.0,35.0,43.0
311,40.0,39.0,40.0,40.0,34.0,46.0,31.0,40.0,44.0,41.0,45.0,44.0,44.0,42.0,36.0,43.0,40.0
312,36.0,33.0,39.0,45.0,42.0,41.0,46.0,45.0,40.0,38.0,51.0,42.0,48.0,44.0,41.0,43.0,45.0
313,41.0,35.0,38.0,29.0,34.0,47.0,40.0,34.0,45.0,47.0,36.0,49.0,34.0,52.0,36.0,37.0,39.0
314,40.0,48.0,36.0,49.0,39.0,49.0,40.0,38.0,38.0,41.0,52.0,48.0,25.0,49.0,34.0,55.0,43.0
315,29.0,33.0,29.0,37.0,28.0,26.0,45.0,41.0,41.0,49.0,36.0,46.0,31.0,52.0,46.0,37.0,44.0
316,39.0,46.0,30.0,43.0,52.0,39.0,40.0,35.0,38.0,45.0,48.0,46.0,51.0,50.0,32.0,39.0,42.0
317,43.0,39.0,37.0,38.0,35.0,41.0,31.0,45.0,54.0,35.0,42.0,38.0,35.0,37.0,47.0,43.0,44.0
318,38.0,29.0,31.0,32.0,39.0,40.0,49.0,49.0,53.0,40.0,37.0,41.0,38.0,40.0,38.0,36.0,41.0
319,38.0,42.0,36.0,43.0,35.0,41.0,44.0,38.0,39.0,41.0,44.0,47.0,40.0,41.0,42.0,47.0,34.0
320,52.0,29.0,43.0,44.0,37.0,41.0,46.0,41.0,44.0,36.0,41.0,33.0,39.0,47.0,39.0,35.0,37.0
321,35.0,32.0,31.0,39.0,37.0,49.0,48.0,27.0,35.0,29.0,53.0,41.0,35.0,38.0,35.0,34.0,30.0
322,50.0,35.0,33.0,29.0,29.0,28.0,52.0,43.0,51.0,34.0,37.0,32.0,31.0,49.0,48.0,43.0,31.0
323,34.0,36.0,35.0,37.0,24.0,36.0,47.0,52.0,46.0,38.0,37.0,41.0,33.0,37.0,48.0,33.0,35.0
324,46.0,47.0,50.0,43.0,44.0,44.0,47.0,28.0,30.0,30.0,32.0,48.0,31.0,59.0,45.0,55.0,51.0
325,38.0,31.0,26.0,43.0,23.0,32.0,28.0,34.0,34.0,25.0,29.0,32.0,34.0,38.0,40.0,40.0,26.0
326,33.0,24.0,36.0,37.0,26.0,30.0,40.0,35.0,30.0,28.0,47.0,45.0,42.0,37.0,35.0,40.0,42.0
327,41.0,46.0,41.0,41.0,45.0,46.0,38.0,39.0,41.0,44.0,32.0,56.0,42.0,38.0,44.0,23.0,43.0
328,39.0,41.0,44.0,40.0,40.0,50.0,43.0,40.0,53.0,33.0,55.0,42.0,32.0,35.0,31.0,29.0,36.0
329,44.0,38.0,34.0,43.0,43.0,38.0,61.0,32.0,41.0,41.0,39.0,43.0,33.0,54.0,42.0,41.0,52.0
330,31.0,37.0,27.0,42.0,23.0,50.0,41.0,30.0,43.0,40.0,31.0,39.0,41.0,29.0,39.0,39.0,40.0
331,49.0,37.0,33.0,41.0,34.0,32.0,26.0,49.0,45.0,32.0,33.0,40.0,37.0,36.0,35.0,37.0,46.0
332,35.0,26.0,32.0,55.0,46.0,44.0,41.0,37.0,35.0,29.0,33.0,47.0,29.0,48.0,40.0,38.0,40.0
333,37.0,36.0,35.0,43.0,43.0,30.0,38.0,44.0,34.0,26.0,28.0,41.0,49.0,40.0,49.0,43.0,40.0
334,39.0,44.0,47.0,42.0,44.0,54.0,39.0,40.0,34.0,27.0,25.0,46.0,25.0,56.0,33.0,41.0,25.0
335,37.0,38.0,42.0,41.0,32.0,36.0,43.0,46.0,39.0,44.0,34.0,45.0,35.0,45.0,51.0,37.0,44.0
336,37.0,37.0,32.0,36.0,45.0,31.0,43.0,45.0,48.0,43.0,42.0,42.0,40.0,37.0,43.0,45.0,47.0
337,51.0,35.0,42.0,45.0,48.0,30.0,34.0,50.0,43.0,42.0,28.0,51.0,31.0,37.0,48.0,37.0,37.0
338,42.0,39.0,39.0,40.0,34.0,44.0,39.0,40.0,35.0,42.0,48.0,50.0,54.0,46.0,39.0,32.0,45.0
339,32.0,30.0,34.0,37.0,48.0,37.0,35.0,49.0,37.0,47.0,51.0,45.0,36.0,37.0,36.0,54.0,35.0
340,28.0,42.0,48.0,35.0,53.0,31.0,35.0,45.0,49.0,38.0,38.0,46.0,46.0,54.0,29.0,39.0,39.0
341,45.0,48.0,49.0,38.0,40.0,36.0,54.0,49.0,39.0,45.0,41.0,55.0,39.0,44.0,43.0,31.0,43.0
342,40.0,42.0,40.0,45.0,47.0,37.0,47.0,50.0,43.0,38.0,43.0,30.0,45.0,40.0,53.0,34.0,53.0
343,36.0,40.0,39.0,41.0,31.0,27.0,31.0,36.0,29.0,44.0,44.0,33.0,29.0,29.0,50.0,47.0,42.0
344,40.0,40.0,57.0,36.0,42.0,44.0,24.0,41.0,40.0,39.0,45.0,35.0,43.0,45.0,49.0,47.0,55.0
345,39.0,47.0,29.0,40.0,39.0,50.0,42.0,40.0,48.0,41.0,35.0,31.0,39.0,37.0,42.0,35.0,50.0
346,27.0,34.0,42.0,30.0,31.0,24.0,38.0,46.0,47.0,36.0,51.0,27.0,42.0,38.0,36.0,28.0,37.0
347,32.0,38.0,35.0,37.0,41.0,38.0,34.0,32.0,44.0,44.0,38.0,28.0,26.0,38.0,35.0,43.0,21.0
348,50.0,38.0,38.0,28.0,38.0,33.0,31.0,46.0,38.0,33.0,50.0,29.0,26.0,45.0,51.0,31.0,45.0
349,33.0,39.0,33.0,27.0,32.0,45.0,33.0,45.0,36.0,34.0,32.0,38.0,44.0,45.0,29.0,43.0,42.0
350,39.0,41.0,35.0,48.0,41.0,33.0,41.0,41.0,41.0,26.0,42.0,43.0,43.0,40.0,33.0,29.0,35.0
351,43.0,31.0,35.0,43.0,46.0,28.0,37.0,38.0,38.0,38.0,32.0,31.0,48.0,43.0,38.0,44.0,49.0
352,24.0,40.0,35.0,33.0,30.0,41.0,29.0,42.0,34.0,52.0,28.0,33.0,44.0,36.0,41.0,37.0,38.0
353,31.0,34.0,26.0,34.0,31.0,37.0,39.0,48.0,40.0,41.0,46.0,35.0,25.0,36.0,37.0,32.0,21.0
354,20.0,27.0,25.0,38.0,33.0,38.0,38.0,50.0,31.0,42.0,37.0,54.0,44.0,42.0,36.0,34.0,33.0
355,49.0,35.0,40.0,34.0,35.0,46.0,37.0,33.0,40.0,37.0,41.0,43.0,49.0,45.0,44.0,33.0,41.0
356,31.0,41.0,38.0,40.0,38.0,30.0,34.0,41.0,50.0,43.0,43.0,49.0,41.0,45.0,44.0,32.0,27.0
357,39.0,41.0,40.0,35.0,37.0,54.0,31.0,42.0,34.0,25.0,40.0,44.0,42.0,43.0,42.0,40.0,42.0
358,31.0,42.0,41.0,40.0,30.0,50.0,47.0,43.0,40.0,49.0,36.0,40.0,44.0,41.0,46.0,33.0,39.0
359,48.0,40.0,40.0,45.0,41.0,45.0,45.0,47.0,28.0,43.0,41.0,43.0,43.0,43.0,42.0,42.0,45.0
360,40.0,62.0,48.0,43.0,38.0,36.0,41.0,39.0,45.0,53.0,41.0,50.0,43.0,52.0,52.0,34.0,51.0
361,36.0,47.0,38.0,37.0,34.0,45.0,37.0,38.0,45.0,44.0,36.0,35.0,33.0,39.0,37.0,42.0,44.0
362,26.0,24.0,37.0,38.0,47.0,38.0,41.0,40.0,51.0,51.0,37.0,40.0,37.0,44.0,42.0,47.0,44.0
363,45.0,39.0,40.0,44.0,39.0,39.0,50.0,37.0,29.0,53.0,57.0,47.0,32.0,35.0,36.0,36.0,41.0
364,44.0,32.0,53.0,40.0,45.0,38.0,33.0,44.0,33.0,49.0,27.0,42.0,39.0,48.0,38.0,33.0,43.0
365,34.0,34.0,32.0,40.0,36.0,31.0,48.0,44.0,39.0,55.0,42.0,43.0,42.0,44.0,45.0,51.0,46.0
366,30.0,35.0,36.0,47.0,39.0,62.0,38.0,47.0,35.0,51.0,48.0,37.0,47.0,55.0,52.0,32.0,38.0
367,35.0,47.0,43.0,52.0,36.0,32.0,44.0,40.0,48.0,45.0,38.0,32.0,45.0,38.0,52.0,39.0,38.0
368,32.0,32.0,39.0,35.0,37.0,31.0,35.0,41.0,42.0,35.0,48.0,40.0,39.0,40.0,39.0,35.0,45.0
369,39.0,42.0,43.0,42.0,44.0,50.0,39.0,48.0,49.0,42.0,43.0,37.0,30.0,39.0,47.0,38.0,32.0
370,35.0,49.0,26.0,49.0,42.0,35.0,42.0,44.0,50.0,46.0,37.0,43.0,43.0,51.0,41.0,37.0,40.0
371,42.0,47.0,45.0,36.0,36.0,53.0,40.0,48.0,29.0,47.0,45.0,37.0,39.0,34.0,43.0,33.0,39.0
372,38.0,37.0,33.0,42.0,41.0,46.0,39.0,42.0,37.0,63.0,39.0,40.0,39.0,39.0,41.0,38.0,44.0
373,51.0,35.0,33.0,38.0,42.0,53.0,44.0,48.0,33.0,43.0,39.0,31.0,44.0,37.0,41.0,32.0,43.0
374,46.0,48.0,41.0,48.0,37.0,49.0,50.0,49.0,34.0,42.0,33.0,35.0,50.0,36.0,47.0,43.0,48.0
375,29.0,33.0,42.0,52.0,33.0,33.0,45.0,44.0,28.0,33.0,47.0,50.0,48.0,53.0,33.0,39.0,37.0
376,42.0,30.0,37.0,41.0,39.0,48.0,42.0,31.0,37.0,39.0,30.0,54.0,41.0,41.0,40.0,47.0,25.0
377,46.0,60.0,42.0,48.0,36.0,41.0,57.0,51.0,42.0,48.0,44.0,35.0,42.0,47.0,48.0,39.0,41.0
378,32.0,45.0,35.0,38.0,49.0,46.0,43.0,43.0,47.0,38.0,38.0,46.0,44.0,41.0,45.0,27.0,47.0
379,37.0,57.0,29.0,40.0,39.0,30.0,39.0,67.0,39.0,45.0,46.0,33.0,41.0,45.0,51.0,46.0,47.0
380,57.0,46.0,49.0,39.0,37.0,49.0,45.0,33.0,49.0,51.0,45.0,51.0,42.0,45.0,45.0,36.0,31.0
381,41.0,37.0,49.0,41.0,40.0,45.0,44.0,52.0,48.0,37.0,59.0,45.0,50.0,46.0,33.0,53.0,48.0
382,41.0,37.0,37.0,44.0,43.0,49.0,40.0,49.0,50.0,51.0,44.0,54.0,40.0,46.0,37.0,48.0,42.0
383,31.0,45.0,35.0,39.0,45.0,34.0,33.0,34.0,43.0,43.0,40.0,44.0,55.0,53.0,41.0,52.0,30.0
384,36.0,33.0,32.0,38.0,45.0,32.0,41.0,46.0,40.0,45.0,44.0,45.0,42.0,40.0,49.0,45.0,32.0
385,46.0,44.0,34.0,43.0,30.0,47.0,37.0,35.0,38.0,31.0,37.0,40.0,39.0,36.0,25.0,42.0,41.0
386,33.0,41.0,40.0,35.0,31.0,49.0,23.0,25.0,38.0,29.0,30.0,38.0,28.0,36.0,27.0,37.0,22.0
387,30.0,32.0,26.0,32.0,29.0,20.0,38.0,34.0,27.0,25.0,38.0,36.0,33.0,38.0,22.0,36.0,31.0
388,36.0,33.0,35.0,31.0,34.0,23.0,34.0,39.0,34.0,25.0,18.0,32.0,20.0,45.0,39.0,36.0,38.0
389,23.0,31.0,31.0,31.0,29.0,38.0,36.0,28.0,42.0,41.0,41.0,38.0,34.0,39.0,31.0,42.0,38.0
390,31.0,17.0,37.0,28.0,37.0,49.0,32.0,36.0,38.0,48.0,39.0,47.0,41.0,30.0,45.0,27.0,47.0
391,28.0,33.0,30.0,29.0,32.0,24.0,46.0,21.0,27.0,33.0,35.0,34.0,34.0,39.0,30.0,36.0,33.0
392,29.0,41.0,34.0,24.0,32.0,32.0,49.0,40.0,44.0,44.0,18.0,44.0,41.0,32.0,41.0,44.0,36.0
393,34.0,35.0,34.0,30.0,40.0,42.0,47.0,33.0,28.0,30.0,41.0,48.0,32.0,43.0,45.0,50.0,44.0
394,46.0,49.0,50.0,31.0,38.0,31.0,43.0,25.0,45.0,37.0,37.0,37.0,47.0,36.0,29.0,41.0,44.0
395,36.0,24.0,31.0,38.0,45.0,39.0,33.0,48.0,45.0,40.0,29.0,39.0,37.0,41.0,47.0,36.0,27.0
396,28.0,22.0,29.0,34.0,31.0,50.0,24.0,37.0,25.0,41.0,31.0,42.0,24.0,37.0,33.0,48.0,30.0
397,34.0,32.0,28.0,28.0,33.0,38.0,37.0,25.0,34.0,45.0,25.0,41.0,28.0,33.0,38.0,25.0,39.0
398,35.0,31.0,24.0,28.0,43.0,41.0,35.0,52.0,35.0,24.0,49.0,50.0,47.0,46.0,43.0,36.0,41.0
399,32.0,32.0,26.0,41.0,26.0,35.0,41.0,38.0,39.0,32.0,19.0,38.0,49.0,46.0,33.0,26.0,26.0
400,52.0,46.0,41.0,56.0,55.0,30.0,37.0,48.0,43.0,37.0,43.0,39.0,34.0,38.0,39.0,45.0,35.0
401,32.0,27.0,33.0,37.0,28.0,37.0,29.0,41.0,40.0,33.0,43.0,37.0,44.0,48.0,46.0,38.0,47.0
402,31.0,41.0,37.0,32.0,24.0,38.0,47.0,44.0,43.0,40.0,43.0,32.0,26.0,41.0,42.0,54.0,32.0
403,30.0,32.0,35.0,31.0,39.0,42.0,42.0,21.0,38.0,49.0,42.0,40.0,37.0,28.0,45.0,31.0,43.0
404,28.0,29.0,27.0,40.0,26.0,45.0,48.0,32.0,32.0,50.0,35.0,45.0,42.0,53.0,42.0,42.0,47.0
405,34.0,37.0,40.0,36.0,42.0,43.0,35.0,36.0,32.0,44.0,31.0,56.0,52.0,42.0,39.0,38.0,43.0
406,32.0,34.0,25.0,37.0,30.0,38.0,58.0,38.0,37.0,42.0,42.0,45.0,38.0,54.0,36.0,41.0,42.0
407,41.0,29.0,40.0,44.0,44.0,43.0,35.0,30.0,34.0,39.0,42.0,41.0,27.0,32.0,39.0,45.0,46.0
408,40.0,40.0,35.0,27.0,37.0,34.0,48.0,40.0,34.0,53.0,53.0,52.0,49.0,54.0,42.0,29.0,48.0
409,40.0,32.0,40.0,36.0,51.0,42.0,40.0,47.0,35.0,41.0,47.0,34.0,42.0,32.0,27.0,44.0,46.0
410,48.0,28.0,28.0,42.0,42.0,43.0,36.0,53.0,47.0,34.0,44.0,31.0,21.0,40.0,50.0,60.0,50.0
411,42.0,43.0,50.0,41.0,38.0,39.0,31.0,40.0,29.0,40.0,39.0,45.0,39.0,26.0,27.0,38.0,45.0
412,29.0,24.0,34.0,36.0,42.0,39.0,41.0,30.0,41.0,34.0,42.0,40.0,34.0,36.0,40.0,33.0,57.0
413,44.0,48.0,42.0,46.0,39.0,43.0,49.0,54.0,34.0,39.0,33.0,43.0,49.0,45.0,40.0,39.0,45.0
414,31.0,19.0,50.0,41.0,40.0,31.0,51.0,38.0,35.0,47.0,38.0,36.0,38.0,36.0,37.0,32.0,39.0
415,26.0,40.0,41.0,38.0,45.0,43.0,41.0,33.0,40.0,41.0,42.0,47.0,37.0,25.0,44.0,43.0,49.0
416,55.0,42.0,47.0,36.0,39.0,26.0,41.0,31.0,28.0,30.0,41.0,51.0,35.0,31.0,40.0,46.0,41.0
417,46.0,42.0,35.0,34.0,38.0,48.0,31.0,33.0,40.0,32.0,35.0,57.0,42.0,38.0,41.0,38.0,57.0
418,32.0,30.0,34.0,47.0,41.0,46.0,36.0,51.0,28.0,40.0,36.0,28.0,43.0,37.0,39.0,42.0,30.0
419,27.0,37.0,22.0,46.0,39.0,35.0,51.0,39.0,38.0,40.0,35.0,41.0,24.0,42.0,37.0,36.0,39.0
420,37.0,27.0,41.0,42.0,39.0,41.0,32.0,42.0,36.0,26.0,42.0,42.0,34.0,26.0,39.0,36.0,46.0
421,38.0,26.0,43.0,38.0,41.0,37.0,52.0,42.0,37.0,29.0,48.0,35.0,37.0,40.0,27.0,24.0,38.0
422,36.0,31.0,38.0,42.0,42.0,37.0,40.0,29.0,43.0,40.0,36.0,43.0,35.0,47.0,37.0,56.0,40.0
423,27.0,47.0,45.0,47.0,33.0,52.0,38.0,49.0,33.0,37.0,35.0,49.0,47.0,37.0,34.0,53.0,43.0
424,36.0,45.0,41.0,36.0,46.0,35.0,41.0,41.0,41.0,52.0,47.0,27.0,42.0,43.0,30.0,31.0,39.0
425,33.0,45.0,50.0,39.0,33.0,42.0,41.0,35.0,32.0,42.0,38.0,48.0,26.0,41.0,45.0,46.0,41.0
426,37.0,32.0,46.0,32.0,40.0,36.0,40.0,41.0,32.0,54.0,43.0,34.0,53.0,36.0,22.0,34.0,28.0
427,18.0,34.0,24.0,31.0,31.0,35.0,30.0,28.0,26.0,33.0,42.0,36.0,23.0,26.0,21.0,21.0,35.0
428,24.0,22.0,35.0,42.0,35.0,28.0,35.0,47.0,30.0,34.0,33.0,37.0,40.0,41.0,44.0,47.0,37.0
429,29.0,25.0,32.0,41.0,34.0,33.0,30.0,41.0,30.0,34.0,33.0,18.0,33.0,40.0,34.0,44.0,47.0
430,49.0,40.0,42.0,33.0,47.0,33.0,33.0,32.0,40.0,31.0,34.0,27.0,25.0,46.0,37.0,30.0,24.0
431,48.0,44.0,49.0,39.0,38.0,35.0,41.0,32.0,48.0,28.0,38.0,40.0,35.0,32.0,45.0,27.0,32.0
432,34.0,27.0,28.0,31.0,28.0,27.0,32.0,34.0,23.0,27.0,37.0,27.0,19.0,46.0,24.0,35.0,22.0
433,34.0,35.0,32.0,36.0,30.0,41.0,28.0,30.0,21.0,28.0,42.0,34.0,37.0,46.0,23.0,30.0,30.0
434,35.0,33.0,28.0,41.0,30.0,32.0,42.0,49.0,41.0,37.0,38.0,39.0,38.0,26.0,38.0,37.0,42.0
435,47.0,44.0,48.0,37.0,43.0,36.0,34.0,49.0,41.0,36.0,36.0,37.0,41.0,42.0,43.0,36.0,39.0
436,32.0,36.0,32.0,33.0,31.0,41.0,36.0,36.0,14.0,32.0,37.0,44.0,36.0,40.0,33.0,23.0,36.0
437,30.0,35.0,48.0,40.0,39.0,41.0,31.0,29.0,30.0,31.0,36.0,44.0,31.0,33.0,36.0,36.0,33.0
438,34.0,30.0,34.0,36.0,21.0,47.0,32.0,37.0,29.0,37.0,33.0,37.0,36.0,36.0,24.0,42.0,22.0
439,28.0,33.0,36.0,28.0,30.0,36.0,32.0,27.0,30.0,43.0,35.0,35.0,34.0,40.0,35.0,50.0,32.0
440,47.0,31.0,35.0,38.0,33.0,37.0,35.0,28.0,41.0,42.0,34.0,47.0,32.0,35.0,27.0,32.0,26.0
441,43.0,34.0,37.0,33.0,37.0,36.0,37.0,36.0,45.0,39.0,37.0,27.0,31.0,23.0,34.0,30.0,42.0
442,34.0,43.0,28.0,36.0,42.0,41.0,36.0,29.0,36.0,35.0,34.0,34.0,39.0,41.0,39.0,29.0,33.0
443,38.0,46.0,32.0,52.0,41.0,34.0,46.0,36.0,34.0,32.0,23.0,43.0,31.0,22.0,28.0,36.0,43.0
444,32.0,39.0,37.0,30.0,33.0,38.0,29.0,46.0,34.0,29.0,37.0,38.0,31.0,35.0,50.0,44.0,34.0
445,43.0,47.0,38.0,39.0,45.0,26.0,39.0,31.0,31.0,29.0,32.0,36.0,29.0,25.0,42.0,26.0,39.0
446,37.0,29.0,31.0,39.0,41.0,30.0,37.0,40.0,38.0,46.0,32.0,39.0,34.0,35.0,38.0,40.0,36.0
447,39.0,29.0,37.0,41.0,48.0,40.0,40.0,40.0,31.0,37.0,40.0,32.0,45.0,40.0,37.0,48.0,37.0
448,41.0,43.0,45.0,44.0,41.0,42.0,24.0,43.0,36.0,34.0,39.0,34.0,44.0,38.0,49.0,36.0,37.0
449,32.0,40.0,30.0,35.0,36.0,29.0,34.0,27.0,35.0,38.0,39.0,27.0,31.0,25.0,31.0,31.0,34.0
450,40.0,46.0,42.0,35.0,34.0,48.0,32.0,31.0,43.0,41.0,37.0,42.0,33.0,37.0,41.0,38.0,33.0
451,36.0,43.0,53.0,31.0,45.0,35.0,53.0,49.0,53.0,31.0,49.0,46.0,48.0,45.0,29.0,41.0,36.0
452,47.0,40.0,41.0,41.0,38.0,53.0,38.0,47.0,33.0,46.0,41.0,46.0,37.0,35.0,35.0,46.0,28.0
453,42.0,50.0,41.0,34.0,37.0,36.0,47.0,53.0,44.0,38.0,40.0,35.0,27.0,47.0,44.0,35.0,24.0
454,40.0,33.0,40.0,42.0,36.0,20.0,44.0,38.0,47.0,35.0,32.0,33.0,38.0,35.0,48.0,54.0,32.0
455,32.0,42.0,33.0,46.0,41.0,37.0,37.0,26.0,44.0,32.0,30.0,34.0,36.0,50.0,30.0,41.0,45.0
456,39.0,35.0,41.0,29.0,38.0,25.0,40.0,28.0,26.0,41.0,39.0,32.0,46.0,28.0,45.0,37.0,34.0
457,37.0,40.0,39.0,28.0,33.0,43.0,41.0,44.0,27.0,47.0,48.0,26.0,32.0,37.0,34.0,38.0,34.0
458,29.0,32.0,28.0,41.0,36.0,35.0,34.0,31.0,30.0,37.0,32.0,33.0,44.0,29.0,32.0,34.0,36.0
459,38.0,38.0,45.0,32.0,45.0,38.0,33.0,45.0,34.0,31.0,36.0,34.0,38.0,35.0,23.0,39.0,38.0
460,29.0,34.0,31.0,36.0,38.0,35.0,39.0,39.0,35.0,29.0,46.0,38.0,31.0,35.0,35.0,26.0,37.0
461,34.0,30.0,26.0,37.0,37.0,27.0,28.0,37.0,33.0,39.0,39.0,35.0,27.0,35.0,34.0,35.0,35.0
462,30.0,38.0,37.0,38.0,47.0,40.0,28.0,36.0,33.0,31.0,37.0,29.0,27.0,27.0,34.0,35.0,34.0
463,28.0,27.0,36.0,23.0,37.0,31.0,36.0,38.0,43.0,25.0,37.0,49.0,30.0,22.0,42.0,35.0,46.0
464,28.0,26.0,23.0,34.0,37.0,27.0,34.0,31.0,48.0,31.0,25.0,41.0,38.0,38.0,32.0,43.0,39.0
465,35.0,36.0,35.0,36.0,36.0,40.0,41.0,39.0,29.0,32.0,31.0,35.0,45.0,30.0,35.0,42.0,38.0
466,45.0,29.0,29.0,35.0,35.0,29.0,42.0,40.0,37.0,46.0,43.0,52.0,35.0,49.0,38.0,55.0,29.0
467,40.0,28.0,35.0,34.0,29.0,35.0,39.0,36.0,36.0,42.0,39.0,29.0,37.0,36.0,38.0,41.0,26.0
468,39.0,34.0,26.0,15.0,32.0,35.0,41.0,45.0,31.0,33.0,32.0,46.0,28.0,47.0,40.0,28.0,41.0
469,32.0,37.0,23.0,27.0,41.0,41.0,29.0,33.0,40.0,35.0,33.0,41.0,38.0,32.0,33.0,53.0,39.0
470,37.0,32.0,40.0,34.0,26.0,37.0,27.0,40.0,28.0,39.0,36.0,40.0,25.0,30.0,41.0,37.0,40.0
471,23.0,29.0,32.0,27.0,33.0,31.0,33.0,29.0,35.0,38.0,30.0,45.0,37.0,34.0,31.0,34.0,48.0
472,36.0,31.0,21.0,34.0,27.0,29.0,36.0,39.0,36.0,36.0,26.0,37.0,38.0,36.0,40.0,46.0,50.0
473,21.0,21.0,21.0,36.0,29.0,30.0,30.0,30.0,28.0,37.0,28.0,39.0,49.0,28.0,36.0,35.0,42.0
474,24.0,32.0,30.0,23.0,29.0,32.0,26.0,39.0,44.0,35.0,38.0,37.0,30.0,39.0,25.0,38.0,24.0
475,35.0,22.0,28.0,37.0,41.0,43.0,40.0,28.0,42.0,33.0,38.0,34.0,34.0,37.0,46.0,28.0,29.0
476,27.0,29.0,23.0,25.0,35.0,29.0,49.0,27.0,25.0,44.0,35.0,34.0,35.0,42.0,35.0,22.0,24.0
477,30.0,26.0,30.0,35.0,45.0,31.0,47.0,36.0,42.0,40.0,34.0,33.0,29.0,35.0,37.0,47.0,40.0
478,28.0,35.0,35.0,39.0,30.0,38.0,36.0,29.0,45.0,40.0,22.0,36.0,34.0,42.0,31.0,39.0,37.0
479,34.0,35.0,32.0,45.0,28.0,39.0,33.0,41.0,37.0,29.0,38.0,46.0,30.0,31.0,29.0,36.0,40.0
480,33.0,38.0,37.0,46.0,41.0,33.0,33.0,33.0,36.0,38.0,29.0,32.0,39.0,40.0,37.0,48.0,38.0
481,26.0,34.0,30.0,36.0,29.0,25.0,34.0,45.0,35.0,38.0,34.0,42.0,38.0,36.0,36.0,42.0,35.0
482,29.0,34.0,23.0,28.0,34.0,34.0,44.0,43.0,30.0,32.0,28.0,43.0,46.0,29.0,33.0,27.0,38.0
483,31.0,38.0,44.0,39.0,41.0,36.0,37.0,34.0,37.0,35.0,31.0,41.0,31.0,36.0,44.0,41.0,39.0
484,32.0,20.0,39.0,42.0,35.0,34.0,43.0,29.0,25.0,34.0,31.0,40.0,36.0,39.0,35.0,33.0,32.0
485,42.0,40.0,39.0,49.0,32.0,33.0,36.0,32.0,45.0,41.0,38.0,29.0,35.0,33.0,48.0,46.0,44.0
486,27.0,35.0,39.0,40.0,36.0,37.0,33.0,38.0,39.0,44.0,36.0,30.0,35.0,46.0,48.0,38.0,32.0
487,43.0,34.0,39.0,29.0,34.0,42.0,34.0,39.0,40.0,34.0,28.0,40.0,41.0,29.0,44.0,35.0,21.0
488,37.0,33.0,33.0,22.0,30.0,28.0,33.0,45.0,42.0,38.0,33.0,36.0,37.0,36.0,43.0,36.0,45.0
489,29.0,32.0,40.0,50.0,34.0,36.0,37.0,39.0,25.0,23.0,46.0,28.0,32.0,38.0,41.0,36.0,33.0
490,46.0,31.0,43.0,35.0,42.0,43.0,30.0,37.0,39.0,39.0,29.0,51.0,39.0,49.0,31.0,31.0,44.0
491,36.0,31.0,34.0,43.0,34.0,43.0,37.0,32.0,36.0,34.0,44.0,36.0,36.0,36.0,35.0,27.0,38.0
492,35.0,25.0,44.0,51.0,44.0,33.0,30.0,30.0,39.0,37.0,40.0,29.0,34.0,31.0,25.0,40.0,33.0
493,28.0,32.0,28.0,35.0,35.0,31.0,30.0,42.0,34.0,36.0,27.0,48.0,48.0,43.0,27.0,33.0,37.0
494,26.0,31.0,36.0,30.0,50.0,45.0,43.0,37.0,34.0,30.0,36.0,29.0,44.0,35.0,40.0,41.0,38.0
495,32.0,37.0,35.0,40.0,38.0,37.0,41.0,34.0,28.0,39.0,32.0,31.0,30.0,35.0,43.0,36.0,36.0
496,40.0,34.0,50.0,46.0,36.0,46.0,43.0,43.0,38.0,33.0,35.0,38.0,36.0,35.0,44.0,44.0,38.0
497,38.0,41.0,43.0,41.0,40.0,37.0,43.0,29.0,46.0,37.0,38.0,32.0,26.0,35.0,40.0,44.0,43.0
498,34.0,36.0,32.0,37.0,39.0,40.0,32.0,40.0,46.0,34.0,26.0,31.0,43.0,30.0,37.0,30.0,45.0
499,50.0,49.0,44.0,28.0,30.0,40.0,30.0,41.0,25.0,44.0,27.0,54.0,35.0,36.0,29.0,38.0,40.0
500,38.0,37.0,37.0,45.0,42.0,35.0,29.0,35.0,42.0,38.0,32.0,39.0,32.0,29.0,35.0,34.0,37.0
501,37.0,37.0,35.0,41.0,43.0,35.0,35.0,39.0,41.0,37.0,48.0,38.0,36.0,39.0,54.0,33.0,38.0
502,39.0,39.0,35.0,33.0,31.0,46.0,30.0,42.0,20.0,41.0,33.0,40.0,33.0,42.0,33.0,37.0,43.0
503,30.0,37.0,28.0,20.0,37.0,28.0,38.0,47.0,34.0,49.0,31.0,44.0,35.0,40.0,26.0,31.0,30.0
504,33.0,35.0,40.0,38.0,37.0,31.0,38.0,31.0,37.0,34.0,35.0,28.0,36.0,34.0,29.0,32.0,39.0
505,32.0,30.0,30.0,28.0,33.0,33.0,36.0,29.0,43.0,27.0,35.0,34.0,28.0,42.0,22.0,33.0,31.0
506,25.0,32.0,31.0,26.0,33.0,23.0,28.0,29.0,25.0,38.0,31.0,35.0,41.0,31.0,32.0,41.0,40.0
507,29.0,26.0,29.0,27.0,30.0,29.0,32.0,28.0,29.0,29.0,29.0,35.0,31.0,31.0,28.0,27.0,30.0
508,14.0,26.0,21.0,37.0,29.0,23.0,28.0,28.0,37.0,22.0,33.0,24.0,24.0,40.0,30.0,32.0,26.0
509,42.0,34.0,27.0,26.0,27.0,30.0,24.0,23.0,24.0,30.0,34.0,30.0,29.0,31.0,23.0,37.0,41.0
510,36.0,30.0,39.0,37.0,33.0,35.0,30.0,30.0,36.0,38.0,34.0,35.0,31.0,39.0,31.0,41.0,42.0
511,20.0,33.0,29.0,29.0,30.0,33.0,18.0,31.0,27.0,23.0,42.0,39.0,29.0,39.0,38.0,40.0,24.0
512,34.0,28.0,32.0,29.0,35.0,43.0,32.0,36.0,37.0,34.0,35.0,31.0,28.0,21.0,38.0,51.0,22.0
513,36.0,28.0,34.0,28.0,22.0,30.0,30.0,28.0,41.0,35.0,30.0,27.0,32.0,29.0,31.0,32.0,26.0
514,39.0,45.0,38.0,41.0,26.0,26.0,40.0,47.0,24.0,30.0,31.0,23.0,37.0,34.0,22.0,30.0,22.0
515,31.0,33.0,28.0,28.0,31.0,32.0,36.0,26.0,32.0,46.0,40.0,24.0,37.0,23.0,38.0,24.0,36.0
516,38.0,30.0,34.0,36.0,46.0,35.0,34.0,33.0,34.0,41.0,38.0,30.0,33.0,35.0,32.0,26.0,28.0
517,20.0,22.0,27.0,27.0,22.0,31.0,34.0,29.0,30.0,24.0,25.0,29.0,31.0,38.0,28.0,34.0,35.0
518,29.0,27.0,29.0,32.0,34.0,27.0,30.0,37.0,37.0,44.0,30.0,23.0,32.0,27.0,26.0,26.0,32.0
519,30.0,32.0,32.0,20.0,33.0,31.0,38.0,33.0,36.0,42.0,35.0,41.0,35.0,37.0,30.0,35.0,33.0
520,44.0,41.0,48.0,37.0,51.0,22.0,29.0,28.0,37.0,43.0,34.0,31.0,42.0,34.0,28.0,27.0,25.0
521,31.0,28.0,30.0,22.0,31.0,31.0,32.0,37.0,34.0,25.0,33.0,29.0,33.0,34.0,27.0,23.0,31.0
522,38.0,33.0,39.0,43.0,24.0,36.0,24.0,47.0,44.0,43.0,29.0,48.0,40.0,31.0,41.0,36.0,40.0
523,30.0,26.0,36.0,25.0,37.0,30.0,45.0,30.0,45.0,36.0,24.0,43.0,35.0,33.0,29.0,31.0,23.0
524,26.0,23.0,23.0,30.0,43.0,26.0,26.0,33.0,40.0,36.0,27.0,46.0,30.0,33.0,26.0,30.0,22.0
525,36.0,43.0,20.0,48.0,34.0,38.0,22.0,31.0,44.0,31.0,27.0,27.0,38.0,22.0,47.0,28.0,41.0
526,31.0,40.0,27.0,40.0,33.0,39.0,36.0,31.0,27.0,24.0,30.0,32.0,35.0,27.0,31.0,38.0,36.0
527,44.0,39.0,36.0,35.0,36.0,40.0,31.0,38.0,41.0,37.0,47.0,24.0,28.0,31.0,36.0,31.0,36.0
528,43.0,31.0,38.0,38.0,36.0,42.0,28.0,33.0,29.0,31.0,34.0,36.0,37.0,41.0,34.0,36.0,35.0
529,26.0,36.0,19.0,33.0,26.0,23.0,24.0,31.0,28.0,30.0,29.0,30.0,28.0,35.0,31.0,27.0,32.0
530,40.0,46.0,49.0,51.0,40.0,31.0,36.0,27.0,35.0,32.0,36.0,40.0,47.0,41.0,43.0,27.0,40.0
531,40.0,39.0,42.0,30.0,40.0,35.0,43.0,30.0,38.0,33.0,33.0,29.0,35.0,36.0,50.0,30.0,44.0
532,33.0,44.0,32.0,54.0,36.0,44.0,39.0,34.0,31.0,34.0,45.0,39.0,36.0,38.0,38.0,40.0,43.0
533,42.0,41.0,37.0,31.0,50.0,42.0,46.0,37.0,44.0,34.0,45.0,44.0,40.0,37.0,35.0,43.0,44.0
534,39.0,44.0,40.0,41.0,46.0,47.0,38.0,37.0,45.0,43.0,48.0,42.0,47.0,42.0,39.0,49.0,46.0
535,39.0,36.0,44.0,38.0,44.0,47.0,47.0,46.0,43.0,42.0,38.0,41.0,43.0,49.0,49.0,34.0,43.0
536,31.0,52.0,41.0,53.0,41.0,46.0,48.0,38.0,48.0,42.0,47.0,35.0,38.0,44.0,48.0,32.0,37.0
537,49.0,38.0,36.0,42.0,41.0,39.0,30.0,49.0,47.0,37.0,42.0,33.0,41.0,44.0,43.0,42.0,31.0
538,45.0,41.0,44.0,43.0,62.0,43.0,37.0,24.0,48.0,46.0,27.0,47.0,48.0,22.0,37.0,43.0,35.0
539,48.0,49.0,41.0,48.0,41.0,44.0,36.0,25.0,39.0,42.0,36.0,50.0,47.0,34.0,37.0,39.0,39.0
540,40.0,49.0,42.0,39.0,38.0,46.0,39.0,35.0,29.0,46.0,37.0,36.0,41.0,34.0,40.0,44.0,48.0
541,44.0,34.0,34.0,48.0,38.0,48.0,40.0,23.0,34.0,41.0,32.0,37.0,38.0,36.0,41.0,36.0,38.0
542,42.0,40.0,49.0,36.0,49.0,38.0,30.0,40.0,40.0,37.0,36.0,36.0,41.0,38.0,40.0,42.0,36.0
543,43.0,45.0,39.0,61.0,44.0,51.0,43.0,40.0,37.0,44.0,48.0,37.0,46.0,39.0,41.0,44.0,51.0
544,49.0,45.0,36.0,38.0,43.0,45.0,42.0,36.0,45.0,44.0,45.0,37.0,36.0,42.0,44.0,38.0,40.0
545,43.0,38.0,39.0,57.0,52.0,45.0,46.0,44.0,40.0,52.0,46.0,29.0,46.0,37.0,38.0,39.0,40.0
546,43.0,49.0,49.0,48.0,51.0,37.0,41.0,43.0,39.0,52.0,35.0,36.0,51.0,47.0,37.0,37.0,46.0
547,46.0,43.0,37.0,37.0,35.0,47.0,42.0,34.0,46.0,46.0,54.0,38.0,40.0,37.0,38.0,26.0,26.0
548,47.0,41.0,52.0,36.0,47.0,61.0,45.0,38.0,41.0,45.0,42.0,38.0,36.0,29.0,46.0,38.0,40.0
549,38.0,26.0,47.0,46.0,46.0,42.0,42.0,41.0,46.0,47.0,37.0,30.0,42.0,37.0,46.0,44.0,33.0
550,47.0,36.0,39.0,37.0,43.0,33.0,44.0,45.0,37.0,36.0,35.0,41.0,40.0,31.0,42.0,38.0,40.0
551,42.0,48.0,47.0,41.0,34.0,30.0,33.0,29.0,34.0,33.0,41.0,56.0,42.0,28.0,33.0,37.0,36.0
552,35.0,40.0,37.0,29.0,30.0,28.0,37.0,31.0,33.0,35.0,31.0,31.0,51.0,33.0,37.0,39.0,36.0
553,44.0,39.0,35.0,55.0,45.0,41.0,29.0,33.0,29.0,31.0,41.0,38.0,40.0,53.0,44.0,35.0,44.0
554,40.0,57.0,42.0,40.0,45.0,32.0,40.0,43.0,55.0,44.0,44.0,41.0,35.0,40.0,32.0,36.0,38.0
555,40.0,43.0,43.0,29.0,32.0,50.0,28.0,39.0,42.0,39.0,44.0,35.0,28.0,45.0,45.0,39.0,40.0
556,44.0,46.0,49.0,40.0,42.0,36.0,43.0,53.0,48.0,33.0,47.0,49.0,37.0,41.0,43.0,47.0,43.0
557,45.0,41.0,44.0,33.0,34.0,41.0,37.0,33.0,39.0,33.0,44.0,36.0,35.0,45.0,41.0,43.0,42.0
558,33.0,36.0,31.0,42.0,36.0,46.0,32.0,41.0,39.0,42.0,45.0,33.0,46.0,34.0,44.0,32.0,41.0
559,28.0,44.0,50.0,41.0,45.0,41.0,49.0,51.0,43.0,49.0,58.0,38.0,37.0,33.0,45.0,40.0,47.0
560,34.0,36.0,41.0,48.0,36.0,38.0,48.0,61.0,40.0,41.0,37.0,52.0,33.0,41.0,37.0,41.0,48.0
561,35.0,45.0,31.0,33.0,25.0,40.0,36.0,62.0,45.0,45.0,44.0,40.0,42.0,43.0,38.0,40.0,39.0
562,43.0,33.0,42.0,48.0,42.0,35.0,44.0,56.0,42.0,42.0,44.0,37.0,43.0,31.0,47.0,47.0,49.0
563,30.0,34.0,52.0,46.0,43.0,31.0,43.0,45.0,56.0,48.0,34.0,33.0,43.0,33.0,41.0,51.0,50.0
564,41.0,35.0,40.0,42.0,41.0,44.0,42.0,57.0,45.0,40.0,41.0,50.0,42.0,41.0,48.0,36.0,47.0
565,36.0,35.0,45.0,40.0,39.0,39.0,36.0,48.0,46.0,38.0,53.0,45.0,36.0,39.0,55.0,39.0,39.0
566,37.0,38.0,38.0,45.0,40.0,34.0,41.0,41.0,34.0,49.0,42.0,44.0,52.0,38.0,42.0,43.0,43.0
567,49.0,45.0,47.0,42.0,34.0,45.0,32.0,41.0,47.0,39.0,35.0,42.0,38.0,36.0,39.0,40.0,44.0
568,39.0,39.0,37.0,36.0,32.0,45.0,35.0,38.0,52.0,37.0,48.0,46.0,33.0,38.0,44.0,49.0,47.0
569,41.0,31.0,46.0,44.0,43.0,37.0,28.0,57.0,57.0,43.0,46.0,39.0,29.0,41.0,35.0,44.0,48.0
570,39.0,45.0,39.0,38.0,45.0,41.0,45.0,47.0,42.0,37.0,43.0,54.0,42.0,35.0,39.0,43.0,54.0
571,40.0,32.0,43.0,44.0,53.0,37.0,47.0,51.0,50.0,55.0,40.0,41.0,37.0,41.0,37.0,44.0,38.0
572,38.0,30.0,46.0,50.0,55.0,50.0,44.0,46.0,47.0,44.0,51.0,42.0,40.0,47.0,37.0,27.0,31.0
573,37.0,38.0,45.0,43.0,44.0,40.0,42.0,50.0,34.0,45.0,34.0,36.0,41.0,38.0,45.0,33.0,42.0
574,41.0,46.0,34.0,34.0,41.0,39.0,41.0,45.0,42.0,37.0,50.0,48.0,42.0,35.0,41.0,40.0,40.0
575,40.0,42.0,43.0,41.0,24.0,35.0,41.0,44.0,42.0,43.0,43.0,40.0,40.0,37.0,37.0,38.0,47.0
576,25.0,42.0,27.0,36.0,40.0,33.0,44.0,39.0,38.0,35.0,36.0,35.0,37.0,45.0,42.0,43.0,40.0
577,34.0,31.0,38.0,38.0,46.0,48.0,45.0,43.0,54.0,47.0,43.0,24.0,56.0,41.0,40.0,41.0,36.0
578,32.0,39.0,30.0,34.0,23.0,35.0,23.0,42.0,33.0,28.0,35.0,36.0,22.0,32.0,23.0,31.0,31.0
579,41.0,39.0,46.0,52.0,30.0,37.0,28.0,30.0,39.0,35.0,36.0,38.0,44.0,45.0,32.0,32.0,31.0
580,30.0,27.0,31.0,35.0,28.0,38.0,42.0,42.0,33.0,45.0,43.0,39.0,40.0,30.0,41.0,37.0,33.0
581,38.0,46.0,37.0,46.0,40.0,37.0,44.0,35.0,40.0,41.0,38.0,39.0,44.0,39.0,51.0,44.0,49.0
582,34.0,32.0,42.0,38.0,27.0,45.0,31.0,45.0,42.0,33.0,41.0,36.0,45.0,45.0,30.0,52.0,53.0
583,29.0,32.0,37.0,30.0,39.0,20.0,18.0,26.0,24.0,24.0,31.0,26.0,35.0,30.0,26.0,31.0,30.0
584,21.0,29.0,32.0,29.0,20.0,21.0,27.0,31.0,37.0,41.0,26.0,42.0,18.0,42.0,23.0,32.0,28.0
585,34.0,48.0,29.0,31.0,43.0,39.0,34.0,40.0,32.0,38.0,28.0,32.0,39.0,43.0,34.0,34.0,21.0
586,37.0,38.0,35.0,42.0,31.0,40.0,41.0,33.0,38.0,37.0,34.0,31.0,46.0,31.0,26.0,33.0,35.0
587,43.0,37.0,41.0,44.0,24.0,34.0,38.0,41.0,43.0,35.0,30.0,43.0,44.0,47.0,41.0,38.0,43.0
588,47.0,39.0,48.0,42.0,34.0,30.0,32.0,47.0,36.0,29.0,44.0,42.0,33.0,26.0,39.0,35.0,27.0
589,45.0,35.0,41.0,47.0,27.0,51.0,33.0,37.0,41.0,35.0,49.0,30.0,39.0,38.0,38.0,34.0,42.0
590,33.0,42.0,39.0,39.0,39.0,37.0,50.0,30.0,41.0,36.0,48.0,38.0,25.0,37.0,29.0,30.0,31.0
591,28.0,32.0,29.0,45.0,37.0,36.0,51.0,36.0,43.0,42.0,43.0,29.0,49.0,37.0,38.0,33.0,32.0
592,31.0,34.0,39.0,35.0,24.0,37.0,44.0,34.0,25.0,39.0,34.0,29.0,44.0,28.0,40.0,36.0,23.0
593,28.0,31.0,32.0,38.0,37.0,44.0,32.0,37.0,50.0,31.0,42.0,42.0,40.0,27.0,39.0,29.0,31.0
594,40.0,37.0,32.0,30.0,36.0,41.0,31.0,41.0,33.0,32.0,37.0,41.0,35.0,30.0,31.0,28.0,40.0
595,40.0,42.0,39.0,40.0,36.0,34.0,35.0,42.0,32.0,32.0,34.0,39.0,44.0,29.0,26.0,33.0,37.0
596,35.0,37.0,40.0,37.0,47.0,44.0,28.0,36.0,40.0,36.0,26.0,29.0,34.0,45.0,27.0,48.0,29.0
597,45.0,43.0,43.0,33.0,31.0,35.0,38.0,32.0,33.0,30.0,32.0,34.0,39.0,43.0,36.0,33.0,32.0
598,23.0,25.0,32.0,35.0,33.0,31.0,29.0,38.0,27.0,32.0,26.0,45.0,40.0,33.0,30.0,33.0,26.0
599,32.0,26.0,33.0,30.0,27.0,32.0,28.0,28.0,19.0,28.0,32.0,37.0,47.0,34.0,28.0,41.0,32.0
600,39.0,34.0,36.0,27.0,39.0,32.0,30.0,32.0,34.0,31.0,40.0,30.0,33.0,31.0,29.0,32.0,38.0
601,32.0,17.0,26.0,20.0,33.0,33.0,39.0,35.0,48.0,38.0,60.0,32.0,35.0,49.0,29.0,34.0,36.0
602,27.0,18.0,34.0,25.0,29.0,22.0,46.0,25.0,41.0,28.0,31.0,35.0,34.0,42.0,38.0,41.0,32.0
603,31.0,29.0,33.0,23.0,34.0,39.0,24.0,27.0,34.0,25.0,31.0,26.0,29.0,35.0,27.0,39.0,41.0
604,29.0,32.0,26.0,21.0,25.0,32.0,25.0,20.0,28.0,25.0,31.0,34.0,45.0,19.0,40.0,41.0,27.0
605,31.0,23.0,23.0,27.0,30.0,22.0,28.0,30.0,27.0,36.0,22.0,31.0,29.0,35.0,26.0,27.0,29.0
606,21.0,24.0,23.0,22.0,30.0,28.0,29.0,36.0,37.0,25.0,24.0,24.0,32.0,38.0,31.0,29.0,28.0
607,16.0,19.0,21.0,28.0,15.0,25.0,19.0,28.0,38.0,26.0,24.0,32.0,29.0,32.0,31.0,20.0,37.0
608,23.0,26.0,30.0,27.0,31.0,21.0,30.0,36.0,33.0,51.0,29.0,41.0,29.0,30.0,20.0,33.0,25.0
609,22.0,15.0,18.0,17.0,25.0,23.0,22.0,20.0,41.0,23.0,21.0,31.0,36.0,37.0,23.0,25.0,25.0
610,21.0,24.0,18.0,27.0,26.0,35.0,37.0,37.0,30.0,45.0,36.0,25.0,34.0,29.0,27.0,35.0,23.0
611,30.0,33.0,30.0,25.0,33.0,21.0,27.0,28.0,27.0,30.0,39.0,28.0,27.0,45.0,33.0,34.0,41.0
612,32.0,26.0,33.0,39.0,34.0,35.0,42.0,42.0,42.0,39.0,29.0,37.0,38.0,35.0,38.0,37.0,40.0
613,38.0,39.0,41.0,37.0,36.0,42.0,32.0,45.0,44.0,34.0,42.0,42.0,33.0,29.0,55.0,31.0,34.0
614,46.0,36.0,36.0,40.0,38.0,43.0,38.0,42.0,34.0,49.0,36.0,49.0,35.0,41.0,42.0,40.0,37.0
615,46.0,30.0,32.0,42.0,40.0,36.0,42.0,41.0,33.0,40.0,42.0,28.0,39.0,43.0,36.0,43.0,44.0
616,33.0,33.0,31.0,40.0,34.0,39.0,49.0,33.0,40.0,39.0,35.0,34.0,32.0,34.0,44.0,46.0,35.0
617,36.0,35.0,42.0,38.0,40.0,44.0,31.0,37.0,43.0,31.0,38.0,51.0,40.0,28.0,36.0,36.0,38.0
618,43.0,44.0,34.0,33.0,40.0,40.0,27.0,44.0,37.0,43.0,57.0,42.0,47.0,34.0,37.0,37.0,41.0
619,41.0,32.0,37.0,38.0,39.0,34.0,28.0,37.0,46.0,38.0,47.0,36.0,36.0,40.0,40.0,38.0,40.0
620,44.0,35.0,45.0,43.0,44.0,32.0,42.0,35.0,41.0,39.0,49.0,25.0,51.0,43.0,38.0,38.0,43.0
621,35.0,32.0,41.0,38.0,38.0,33.0,33.0,32.0,42.0,33.0,31.0,51.0,40.0,41.0,32.0,54.0,38.0
622,40.0,28.0,39.0,48.0,37.0,32.0,39.0,35.0,43.0,42.0,37.0,52.0,47.0,30.0,31.0,27.0,39.0
623,31.0,36.0,31.0,28.0,42.0,39.0,44.0,36.0,32.0,36.0,33.0,47.0,36.0,43.0,33.0,50.0,45.0
624,33.0,29.0,32.0,31.0,48.0,41.0,35.0,32.0,39.0,40.0,36.0,43.0,52.0,37.0,34.0,34.0,37.0
625,52.0,43.0,57.0,38.0,34.0,39.0,25.0,48.0,40.0,36.0,33.0,36.0,48.0,33.0,32.0,31.0,42.0
626,36.0,43.0,42.0,43.0,38.0,35.0,35.0,47.0,50.0,36.0,38.0,38.0,39.0,51.0,42.0,44.0,38.0
627,31.0,30.0,34.0,40.0,28.0,35.0,47.0,48.0,40.0,36.0,42.0,43.0,36.0,42.0,35.0,28.0,43.0
628,29.0,41.0,37.0,29.0,43.0,33.0,39.0,29.0,43.0,39.0,41.0,36.0,48.0,38.0,37.0,39.0,47.0
629,34.0,40.0,40.0,38.0,40.0,32.0,33.0,38.0,35.0,35.0,36.0,33.0,30.0,32.0,28.0,31.0,36.0
630,41.0,37.0,37.0,49.0,39.0,39.0,35.0,28.0,31.0,48.0,36.0,47.0,32.0,32.0,35.0,39.0,36.0
631,30.0,31.0,37.0,34.0,37.0,30.0,38.0,43.0,53.0,43.0,46.0,26.0,39.0,32.0,45.0,33.0,50.0
632,38.0,31.0,30.0,43.0,26.0,38.0,43.0,38.0,32.0,44.0,41.0,32.0,38.0,37.0,31.0,47.0,34.0
633,35.0,27.0,34.0,38.0,25.0,36.0,42.0,32.0,29.0,37.0,35.0,26.0,34.0,41.0,44.0,41.0,39.0
634,35.0,29.0,33.0,38.0,42.0,36.0,28.0,45.0,36.0,35.0,29.0,32.0,35.0,34.0,31.0,31.0,39.0
635,39.0,35.0,27.0,36.0,35.0,43.0,39.0,34.0,43.0,40.0,29.0,36.0,37.0,42.0,40.0,38.0,31.0
636,41.0,41.0,32.0,39.0,44.0,27.0,30.0,33.0,48.0,31.0,42.0,34.0,36.0,43.0,43.0,45.0,32.0
637,38.0,30.0,29.0,34.0,37.0,31.0,36.0,33.0,28.0,32.0,29.0,34.0,32.0,30.0,35.0,33.0,32.0
638,39.0,36.0,41.0,51.0,47.0,42.0,35.0,39.0,50.0,33.0,35.0,48.0,38.0,37.0,30.0,36.0,34.0
639,42.0,47.0,39.0,47.0,30.0,39.0,37.0,43.0,44.0,46.0,32.0,40.0,40.0,48.0,39.0,41.0,38.0
640,48.0,36.0,40.0,45.0,48.0,41.0,31.0,45.0,42.0,42.0,35.0,39.0,44.0,34.0,34.0,40.0,47.0
641,28.0,33.0,42.0,37.0,35.0,34.0,29.0,41.0,40.0,51.0,41.0,46.0,42.0,39.0,34.0,39.0,46.0
642,46.0,44.0,34.0,34.0,41.0,37.0,35.0,32.0,41.0,43.0,46.0,41.0,34.0,36.0,35.0,40.0,47.0
643,32.0,43.0,40.0,43.0,49.0,40.0,35.0,39.0,36.0,43.0,34.0,39.0,32.0,37.0,35.0,38.0,40.0
644,51.0,49.0,32.0,40.0,41.0,32.0,28.0,31.0,47.0,39.0,34.0,39.0,44.0,41.0,34.0,41.0,40.0
645,27.0,51.0,40.0,38.0,49.0,38.0,37.0,33.0,40.0,32.0,29.0,40.0,32.0,32.0,34.0,36.0,36.0
646,27.0,44.0,41.0,37.0,49.0,48.0,29.0,43.0,50.0,32.0,41.0,41.0,36.0,35.0,35.0,29.0,49.0
647,30.0,29.0,37.0,49.0,34.0,39.0,42.0,39.0,37.0,43.0,32.0,42.0,47.0,30.0,36.0,37.0,46.0
648,30.0,37.0,34.0,43.0,36.0,28.0,33.0,42.0,35.0,25.0,32.0,41.0,31.0,40.0,30.0,45.0,41.0
649,17.0,24.0,25.0,39.0,33.0,36.0,27.0,42.0,41.0,35.0,35.0,43.0,45.0,40.0,41.0,36.0,42.0
650,34.0,21.0,28.0,22.0,30.0,36.0,19.0,41.0,29.0,30.0,24.0,32.0,33.0,39.0,26.0,33.0,29.0
651,21.0,21.0,29.0,34.0,24.0,36.0,29.0,40.0,35.0,32.0,35.0,41.0,43.0,37.0,37.0,38.0,37.0
652,34.0,41.0,48.0,46.0,37.0,44.0,41.0,37.0,46.0,31.0,37.0,45.0,38.0,44.0,37.0,47.0,46.0
653,30.0,43.0,42.0,46.0,39.0,34.0,34.0,36.0,40.0,33.0,40.0,32.0,30.0,35.0,36.0,37.0,35.0
654,48.0,42.0,44.0,38.0,45.0,36.0,40.0,45.0,31.0,45.0,32.0,49.0,50.0,36.0,37.0,41.0,39.0
655,39.0,44.0,30.0,38.0,32.0,47.0,25.0,49.0,34.0,42.0,47.0,46.0,48.0,38.0,45.0,48.0,48.0
656,38.0,31.0,25.0,35.0,33.0,35.0,30.0,30.0,35.0,34.0,36.0,40.0,40.0,35.0,33.0,51.0,25.0
657,37.0,40.0,39.0,47.0,37.0,39.0,34.0,46.0,34.0,42.0,32.0,44.0,40.0,48.0,37.0,38.0,41.0
658,33.0,43.0,37.0,40.0,51.0,40.0,40.0,36.0,40.0,32.0,41.0,31.0,32.0,35.0,42.0,43.0,51.0
659,35.0,38.0,37.0,40.0,37.0,27.0,34.0,41.0,38.0,49.0,38.0,41.0,39.0,39.0,37.0,33.0,55.0
660,39.0,51.0,37.0,41.0,57.0,39.0,40.0,43.0,40.0,53.0,39.0,46.0,45.0,41.0,34.0,27.0,26.0
661,44.0,29.0,39.0,39.0,40.0,35.0,40.0,40.0,39.0,31.0,34.0,30.0,39.0,24.0,44.0,33.0,37.0
662,36.0,38.0,32.0,33.0,34.0,33.0,38.0,34.0,38.0,32.0,35.0,35.0,43.0,40.0,39.0,47.0,32.0
663,40.0,44.0,38.0,35.0,38.0,45.0,42.0,45.0,33.0,35.0,46.0,33.0,37.0,30.0,31.0,42.0,35.0
664,30.0,38.0,34.0,38.0,41.0,44.0,30.0,38.0,45.0,32.0,31.0,42.0,30.0,46.0,44.0,24.0,39.0
665,38.0,46.0,27.0,32.0,36.0,37.0,22.0,33.0,41.0,38.0,39.0,26.0,39.0,40.0,34.0,33.0,34.0
666,33.0,37.0,21.0,31.0,30.0,29.0,38.0,48.0,36.0,38.0,30.0,53.0,42.0,35.0,34.0,31.0,32.0
667,40.0,47.0,39.0,45.0,41.0,37.0,39.0,43.0,44.0,38.0,37.0,36.0,35.0,36.0,33.0,29.0,43.0
668,36.0,33.0,44.0,41.0,32.0,25.0,29.0,49.0,43.0,39.0,39.0,45.0,31.0,31.0,54.0,26.0,45.0
669,36.0,38.0,23.0,52.0,37.0,36.0,41.0,43.0,39.0,38.0,37.0,36.0,44.0,42.0,35.0,47.0,37.0
670,43.0,30.0,35.0,39.0,38.0,38.0,32.0,43.0,36.0,44.0,46.0,39.0,39.0,40.0,36.0,30.0,43.0
671,31.0,36.0,39.0,39.0,26.0,54.0,39.0,40.0,34.0,30.0,34.0,38.0,49.0,36.0,37.0,34.0,34.0
672,41.0,37.0,45.0,42.0,41.0,47.0,42.0,27.0,32.0,40.0,36.0,31.0,26.0,45.0,42.0,37.0,45.0
673,32.0,37.0,38.0,34.0,29.0,48.0,33.0,32.0,44.0,30.0,40.0,35.0,23.0,31.0,43.0,40.0,42.0
674,36.0,30.0,30.0,38.0,36.0,35.0,41.0,41.0,44.0,36.0,37.0,44.0,45.0,36.0,35.0,36.0,38.0
675,41.0,34.0,38.0,46.0,40.0,33.0,35.0,38.0,39.0,39.0,42.0,51.0,31.0,35.0,40.0,34.0,31.0
676,29.0,30.0,32.0,38.0,39.0,37.0,33.0,33.0,41.0,38.0,44.0,40.0,31.0,44.0,38.0,35.0,36.0
677,29.0,34.0,38.0,31.0,24.0,39.0,27.0,33.0,26.0,30.0,28.0,29.0,30.0,27.0,34.0,26.0,32.0
678,33.0,28.0,26.0,27.0,20.0,25.0,29.0,25.0,18.0,27.0,31.0,24.0,26.0,31.0,37.0,39.0,49.0
679,20.0,27.0,26.0,30.0,26.0,24.0,34.0,36.0,47.0,37.0,36.0,35.0,22.0,39.0,45.0,35.0,37.0
680,13.0,11.0,17.0,11.0,23.0,28.0,28.0,28.0,28.0,26.0,21.0,31.0,49.0,32.0,31.0,24.0,39.0
681,17.0,14.0,15.0,14.0,15.0,23.0,22.0,17.0,13.0,33.0,32.0,12.0,15.0,30.0,40.0,24.0,38.0
682,32.0,23.0,25.0,19.0,27.0,33.0,34.0,26.0,38.0,22.0,37.0,29.0,21.0,29.0,30.0,32.0,35.0
683,29.0,40.0,29.0,33.0,44.0,24.0,27.0,35.0,38.0,39.0,29.0,28.0,40.0,37.0,39.0,40.0,40.0
684,34.0,32.0,40.0,31.0,32.0,42.0,39.0,44.0,44.0,31.0,32.0,38.0,37.0,36.0,28.0,24.0,43.0
685,44.0,36.0,33.0,42.0,48.0,24.0,43.0,23.0,43.0,35.0,34.0,33.0,37.0,30.0,42.0,33.0,37.0
686,24.0,26.0,33.0,40.0,31.0,31.0,36.0,41.0,35.0,36.0,24.0,32.0,28.0,37.0,33.0,43.0,41.0
687,27.0,29.0,29.0,20.0,34.0,22.0,26.0,32.0,25.0,46.0,29.0,48.0,29.0,27.0,34.0,34.0,37.0
688,17.0,23.0,23.0,22.0,20.0,35.0,24.0,27.0,37.0,21.0,39.0,25.0,32.0,29.0,29.0,26.0,41.0
689,19.0,13.0,16.0,19.0,22.0,34.0,28.0,30.0,42.0,47.0,23.0,42.0,37.0,29.0,43.0,29.0,26.0
690,19.0,18.0,25.0,26.0,20.0,36.0,32.0,34.0,32.0,28.0,36.0,29.0,29.0,30.0,31.0,23.0,32.0
691,19.0,31.0,28.0,32.0,21.0,19.0,24.0,21.0,20.0,31.0,20.0,23.0,28.0,31.0,26.0,29.0,33.0
692,29.0,29.0,26.0,20.0,30.0,29.0,27.0,40.0,29.0,27.0,35.0,24.0,26.0,38.0,35.0,41.0,39.0
693,27.0,26.0,30.0,36.0,31.0,49.0,23.0,30.0,34.0,27.0,31.0,27.0,44.0,36.0,38.0,35.0,32.0
694,29.0,30.0,32.0,44.0,32.0,26.0,33.0,38.0,39.0,35.0,34.0,32.0,36.0,37.0,39.0,39.0,36.0
695,29.0,31.0,36.0,34.0,43.0,29.0,44.0,45.0,44.0,42.0,37.0,41.0,36.0,39.0,39.0,35.0,37.0
696,33.0,41.0,30.0,28.0,43.0,22.0,24.0,45.0,43.0,40.0,34.0,28.0,34.0,40.0,45.0,33.0,39.0
697,28.0,22.0,27.0,24.0,36.0,34.0,31.0,35.0,36.0,31.0,29.0,38.0,43.0,36.0,34.0,41.0,37.0
698,23.0,29.0,29.0,27.0,33.0,39.0,29.0,20.0,22.0,29.0,38.0,36.0,46.0,33.0,35.0,36.0,37.0
699,22.0,24.0,30.0,22.0,24.0,23.0,28.0,37.0,30.0,27.0,23.0,36.0,32.0,39.0,34.0,30.0,48.0
700,24.0,24.0,22.0,24.0,31.0,35.0,32.0,33.0,31.0,20.0,35.0,27.0,31.0,34.0,19.0,35.0,38.0
701,18.0,24.0,36.0,26.0,24.0,16.0,26.0,19.0,31.0,28.0,21.0,32.0,32.0,30.0,35.0,41.0,32.0
702,19.0,19.0,17.0,25.0,23.0,20.0,21.0,34.0,30.0,41.0,29.0,30.0,24.0,31.0,32.0,39.0,25.0
703,29.0,28.0,35.0,24.0,39.0,31.0,33.0,36.0,30.0,30.0,33.0,28.0,37.0,30.0,24.0,32.0,23.0
704,52.0,43.0,42.0,26.0,36.0,27.0,26.0,33.0,29.0,35.0,46.0,37.0,39.0,46.0,34.0,29.0,29.0
705,36.0,29.0,34.0,24.0,30.0,44.0,28.0,49.0,50.0,35.0,35.0,35.0,26.0,33.0,33.0,35.0,45.0
706,33.0,32.0,25.0,26.0,38.0,34.0,45.0,44.0,36.0,34.0,26.0,30.0,33.0,36.0,35.0,41.0,39.0
707,28.0,30.0,37.0,17.0,28.0,31.0,29.0,33.0,26.0,32.0,25.0,30.0,38.0,19.0,24.0,43.0,28.0
